query_idx,cost_thresh_lat,hybrid_opt_lat,lgbm_kernel_lat,lgbm_kernel_mm1_lat
0,1.4972442388534546,1.3365525677800179,1.4029902443289757,1.3312180936336517
1,0.25746721029281616,0.19190016388893127,0.18397463858127594,0.20944426208734512
2,,,,
3,0.21071600914001465,0.23585424572229385,0.18504100292921066,0.18243005871772766
4,0.3506641611456871,0.37637581676244736,0.35241561383008957,0.31137849390506744
5,0.839319996535778,0.8680208697915077,0.8344161733984947,0.8254559710621834
6,1.695051148533821,1.6964621990919113,1.712333269417286,1.7685884535312653
7,0.8101670518517494,0.7535234987735748,0.7498626112937927,0.7471000179648399
8,1.5789697989821434,1.1554819867014885,1.3192212209105492,1.2271795570850372
9,0.25996383279561996,0.2633998245000839,0.2539697661995888,0.8633057624101639
10,0.15566395223140717,0.4434814602136612,0.14275755733251572,0.16186101734638214
11,0.5634155049920082,0.46589770913124084,0.4585340768098831,0.5712072849273682
12,0.8717569187283516,0.7912055999040604,0.8038133829832077,0.855220340192318
13,0.7801315560936928,0.7247592434287071,0.6995924934744835,0.6237742900848389
14,1.4156438410282135,1.3512250408530235,1.3538149893283844,1.433415748178959
15,0.14934753626585007,0.14610391110181808,0.1872563585639,0.152723029255867
16,0.17497661709785461,0.15743360668420792,0.15359465032815933,0.180819533765316
17,1.7346204742789268,1.780358225107193,1.69649388641119,1.7006022855639458
18,0.19188975542783737,0.18437162786722183,0.18630662560462952,0.18553754687309265
19,1.2640529796481133,1.203360766172409,1.2001726925373077,1.266816422343254
20,0.140275739133358,0.14576327800750732,0.1431439444422722,0.14426764100790024
21,0.21620365232229233,0.2153683379292488,0.21801099926233292,0.24773354083299637
22,1.4787036180496216,1.357655443251133,1.2939870655536652,1.3659211471676826
23,0.3170217126607895,0.28332724422216415,0.2907160148024559,0.2923832908272743
24,0.450942263007164,0.4227830693125725,0.40817587077617645,0.5174213573336601
25,0.14108672738075256,0.14498668909072876,0.14103393256664276,0.14920835196971893
26,1.665321908891201,1.453153796494007,1.3971844613552094,1.5121192634105682
27,0.19329935312271118,0.18816658854484558,0.18947847932577133,0.2428949475288391
28,0.7340759932994843,0.7397830933332443,0.7325660884380341,0.7598304599523544
29,0.22349806129932404,0.21836525201797485,0.21420466154813766,0.23030515015125275
30,0.8653426319360733,0.8570631667971611,0.7839404493570328,0.9222338795661926
31,0.21595698595046997,0.21709921956062317,0.21222885698080063,0.21437951177358627
32,,,,
33,0.4201047718524933,0.4118359461426735,0.4171203523874283,0.41533832997083664
34,0.1865292266011238,0.19656337052583694,0.18601612001657486,0.19054768979549408
35,0.1394672393798828,0.18640859425067902,0.1444762498140335,0.14666257798671722
36,0.5029609799385071,0.39586904644966125,0.3940641060471535,0.4019076004624367
37,0.4747038930654526,0.399162620306015,0.4078481048345566,0.41328150033950806
38,0.7667073011398315,0.7853838950395584,0.7401785627007484,0.7926218658685684
39,,,,
40,0.22037338465452194,0.17886701226234436,0.17681076377630234,0.20141709595918655
41,,,,
42,0.2846032604575157,0.2860145717859268,0.29003479331731796,0.27971409261226654
43,0.3186272978782654,0.3215411603450775,0.3290681019425392,0.3211618587374687
44,1.498826339840889,1.4006160646677017,1.3837851509451866,1.37706009298563
45,0.35651232302188873,0.3252300024032593,0.3171153962612152,0.3196365758776665
46,1.5194711312651634,1.3609477207064629,1.3770475536584854,1.4908065870404243
47,0.19215086847543716,0.19080183655023575,0.18376220762729645,0.19190968573093414
48,0.42674853652715683,0.4294283986091614,0.38620492815971375,0.4341503754258156
49,0.31508107483386993,0.3370289281010628,0.32548464834690094,0.31954434514045715
50,1.2208686619997025,1.2431527525186539,1.2735729962587357,1.2346675992012024
51,1.5010413378477097,1.329822227358818,1.3746908009052277,1.5541164353489876
52,1.712687686085701,1.7423455715179443,1.701916143298149,1.7445657402276993
53,0.4294067844748497,0.43405209481716156,0.4419373944401741,0.43447840958833694
54,0.6515378057956696,0.6675257235765457,0.6084454879164696,0.704902894794941
55,0.21818871051073074,0.21456890553236008,0.21376990526914597,0.21947671473026276
56,1.2392107173800468,1.2097773626446724,1.2267415821552277,1.2750321477651596
57,0.15525171160697937,0.21477250009775162,0.15937384217977524,0.18217290937900543
58,1.6968404799699783,1.7058143988251686,1.7008332386612892,1.718258559703827
59,1.5738284587860107,1.4764673486351967,1.4596193432807922,1.4897831603884697
60,0.19541282206773758,0.18574543297290802,0.18719251453876495,0.1926589533686638
61,0.18454036116600037,0.18471559137105942,0.18939100950956345,0.20213234424591064
62,,,,
63,0.1775742769241333,0.1843319609761238,0.19010915607213974,0.18643061071634293
64,0.21156882494688034,0.21109284460544586,0.24367330223321915,0.21934828162193298
65,1.5071004405617714,1.47755965590477,1.3835738748311996,1.5107820257544518
66,0.418418325483799,0.40495001524686813,0.392206035554409,0.4907625541090965
67,1.5162562653422356,1.4626345410943031,1.4125905185937881,1.4686113223433495
68,0.33902497589588165,0.31944503635168076,0.3411339819431305,0.38028060644865036
69,0.4315779134631157,0.4488201290369034,0.4634231850504875,0.43861980736255646
70,0.20542381703853607,0.19019713252782822,0.1875184401869774,0.2280000001192093
71,1.2270186990499496,1.316193163394928,1.0286265462636948,1.2604951485991478
72,0.3233042508363724,0.3251734897494316,0.34878045320510864,0.32146012783050537
73,1.5132654458284378,1.5015568435192108,1.4819046258926392,1.4668021723628044
74,0.4617833122611046,0.4735576882958412,0.46275459229946136,0.5072134807705879
75,0.4198874533176422,0.47489259392023087,0.4460970610380173,0.4944341629743576
76,0.32728609442710876,0.3807457461953163,0.33135986328125,0.34399014711380005
77,0.4684534892439842,0.41154056787490845,0.4192541465163231,0.4323548302054405
78,0.7431708946824074,0.7380027323961258,0.7361230179667473,0.782607726752758
79,0.35723645985126495,0.32454071193933487,0.3211168050765991,0.3237965553998947
80,0.8674907386302948,0.7703881412744522,0.7805398628115654,0.8635908216238022
81,1.4465133473277092,1.5582091361284256,1.4541418924927711,1.4406792670488358
82,0.2052343711256981,0.17973891645669937,0.17676641792058945,0.19631292670965195
83,0.1417533978819847,0.14310994744300842,0.14344600588083267,0.1446077898144722
84,1.4444604590535164,1.4409027621150017,1.439227655529976,1.3895846605300903
85,1.2811452746391296,1.2423331588506699,1.2486464902758598,1.249593161046505
86,0.29574716091156006,0.2858593314886093,0.2861146703362465,0.28758232295513153
87,0.29624101519584656,0.29779691994190216,0.3093236982822418,0.2858540192246437
88,0.4632366895675659,0.40618616342544556,0.41021059453487396,0.44505495578050613
89,0.4272708371281624,0.44132329523563385,0.4148935228586197,0.4046288803219795
90,1.7178499102592468,1.7186712250113487,1.698995403945446,1.7004946768283844
91,0.46667638421058655,0.4557146281003952,0.41221389919519424,0.40830159187316895
92,0.47219622135162354,0.5125199928879738,0.47823795676231384,0.4638804718852043
93,0.24622275680303574,0.24879207462072372,0.2176240012049675,0.26653922349214554
94,0.7985454648733139,0.8116334900259972,0.8198130875825882,0.770199827849865
95,0.1756601482629776,0.19795892387628555,0.15773267298936844,0.172773540019989
96,0.1408812254667282,0.1450769007205963,0.14498921483755112,0.14807938039302826
97,1.3594413995742798,1.360361859202385,1.3247233927249908,1.2793984785676003
98,0.436312772333622,0.44009069353342056,0.4296376407146454,0.4399562478065491
99,0.4189157485961914,0.40426234155893326,0.45096998661756516,0.407633900642395
100,0.42845768481492996,0.45444728434085846,0.4449814334511757,0.4613398313522339
101,0.41497645527124405,0.41782037168741226,0.4043946713209152,0.3958907127380371
102,0.7735528871417046,0.8230372667312622,0.7618327587842941,0.7757938280701637
103,0.3857993930578232,0.40255237370729446,0.42206818610429764,0.4169112369418144
104,0.28057900071144104,0.30281174927949905,0.2847280278801918,0.28178130090236664
105,,,,
106,0.1713288277387619,0.2010445073246956,0.18395300209522247,0.17714319378137589
107,0.4298923909664154,0.4305577799677849,0.4342532828450203,0.43343838304281235
108,0.17322023212909698,0.18254504352808,0.17079105228185654,0.17974475026130676
109,0.18303223699331284,0.18218202143907547,0.1870068535208702,0.18517405539751053
110,0.7362531051039696,0.7359441742300987,0.7524909377098083,0.7350254729390144
111,0.8089879527688026,0.8559664562344551,0.7877481356263161,0.785052478313446
112,1.4762594103813171,1.432471439242363,1.3634900152683258,1.466408148407936
113,,,,
114,0.5171062052249908,0.4317813813686371,0.4365462437272072,0.4348662719130516
115,0.3298397734761238,0.3842323422431946,0.32264237850904465,0.32049650698900223
116,1.3280586078763008,1.3340745940804482,1.3115120083093643,1.3823096379637718
117,1.253745622932911,1.315905511379242,1.2290854305028915,1.3280888199806213
118,1.3223837539553642,1.3793831542134285,1.3108177557587624,1.316795751452446
119,0.1441679745912552,0.14363276958465576,0.14446331560611725,0.14546065032482147
120,0.8424037098884583,0.8059399127960205,0.7918461188673973,0.8328396528959274
121,0.18305444717407227,0.18921472877264023,0.18882900476455688,0.18625785410404205
122,1.3002258986234665,1.467992179095745,1.3130437433719635,1.4246831461787224
123,0.6619408428668976,0.6358767300844193,0.6142086759209633,0.650564968585968
124,1.3871633484959602,1.3275501430034637,1.3279112800955772,1.391736626625061
125,0.7953909039497375,0.8169037476181984,0.855204276740551,0.8824789747595787
126,0.39330875873565674,0.3791496083140373,0.42450329661369324,0.4723018705844879
127,0.6441642865538597,0.6131632849574089,0.680464893579483,0.6407991200685501
128,1.7165526524186134,1.6991320177912712,1.7040388360619545,1.699424684047699
129,1.534143403172493,1.5274904444813728,1.515290379524231,1.5394124686717987
130,1.4650506228208542,1.4301027804613113,1.4697177559137344,1.2865750715136528
131,0.17866945266723633,0.1657121628522873,0.16274312883615494,0.1578851044178009
132,1.3348254561424255,1.3599532768130302,1.347843125462532,1.4104212075471878
133,0.4820990115404129,0.48561304062604904,0.48882365226745605,0.5311026200652122
134,1.3787356615066528,1.3550142347812653,1.3995371460914612,1.3629060238599777
135,0.75391835719347,0.6630567982792854,0.6494603231549263,0.7325824648141861
136,1.373649500310421,1.3229898139834404,1.2666219249367714,1.3229264095425606
137,0.8084298968315125,0.7986397445201874,0.8046842366456985,0.8224144950509071
138,0.41876862198114395,0.44793764501810074,0.4430239722132683,0.42892778664827347
139,0.33944348245859146,0.36050619930028915,0.3388146534562111,0.34373676776885986
140,0.4624253138899803,0.464755043387413,0.4706660956144333,0.44241634011268616
141,1.3366565257310867,1.3625930026173592,1.4716498255729675,1.3718267902731895
142,0.4788729026913643,0.5082540214061737,0.4823809415102005,0.5405779182910919
143,0.8038344830274582,0.7420912086963654,0.7415100857615471,0.745865024626255
144,0.7168966457247734,0.7087746262550354,0.6489178165793419,0.6633162051439285
145,1.7088983431458473,1.7321288660168648,1.6977259442210197,1.7553037479519844
146,0.1426757425069809,0.15551666915416718,0.1552298292517662,0.15277386456727982
147,1.6988741159439087,1.7004995867609978,1.6951262429356575,1.7177416533231735
148,0.20360121876001358,0.19094567000865936,0.19109641760587692,0.19711223989725113
149,1.362735703587532,1.3537957817316055,1.3516644462943077,1.2921866476535797
150,0.17441926896572113,0.20732223242521286,0.17752668261528015,0.19065197557210922
151,0.3204266056418419,0.320252388715744,0.32235775887966156,0.32470840215682983
152,0.4414224401116371,0.45320694148540497,0.45175524801015854,0.44092288613319397
153,1.3097911477088928,1.3274948224425316,1.3020485565066338,1.3749827593564987
154,1.4535605758428574,1.3804031983017921,1.2780329436063766,1.4002200737595558
155,0.19358452409505844,0.18882644176483154,0.2028134986758232,0.19102047383785248
156,0.18734684586524963,0.19948618113994598,0.1866002455353737,0.19119621068239212
157,0.46207550913095474,0.4358786344528198,0.4345971867442131,0.44935402274131775
158,0.47906406223773956,0.4335586428642273,0.4352791905403137,0.5126441866159439
159,0.5358809232711792,0.4082087427377701,0.4215875491499901,0.4181630313396454
160,,,,
161,0.8125064522027969,0.7800671383738518,0.7761378884315491,0.7800005152821541
162,0.8062125444412231,0.7850794494152069,0.7775397226214409,0.7826869636774063
163,0.2850136309862137,0.2860965356230736,0.28452853858470917,0.3413552790880203
164,0.41257863491773605,0.3983730375766754,0.39887502789497375,0.4162893071770668
165,0.4424220845103264,0.39489688724279404,0.40805839747190475,0.42480888217687607
166,0.46923331171274185,0.4505627527832985,0.4580938145518303,0.4761362299323082
167,1.704505480825901,1.6981998980045319,1.6987786889076233,1.7520462945103645
168,1.6997144296765327,1.699282392859459,1.6979769468307495,1.6972163394093513
169,0.7873538285493851,0.764272890985012,0.76396843791008,0.7687744125723839
170,0.21506662666797638,0.21742255240678787,0.2157636508345604,0.21461132168769836
171,0.21267585456371307,0.21200288087129593,0.21569760143756866,0.21143785119056702
172,1.318390667438507,1.3020302653312683,1.3319744616746902,1.2954370453953743
173,,,,
174,,,,
175,0.43966786563396454,0.43569473922252655,0.4364246502518654,0.4571559950709343
176,0.32021939754486084,0.32242298871278763,0.32089535892009735,0.32233861088752747
177,0.7396038398146629,0.7331680878996849,0.7711169496178627,0.7413985729217529
178,0.14369264990091324,0.1444539800286293,0.14294882863759995,0.14359895884990692
179,0.27622051537036896,0.29021327942609787,0.29006656259298325,0.28211503475904465
180,0.7525089010596275,0.7395328804850578,0.7330231741070747,0.736952930688858
181,0.21090643852949142,0.21416660398244858,0.21423746645450592,0.2148577719926834
182,0.6904330924153328,0.7967222481966019,0.798664040863514,0.7510270029306412
183,0.7635686248540878,0.7891885936260223,0.737514927983284,0.7300541773438454
184,1.3273789510130882,1.2701737061142921,1.2137493193149567,1.2010224610567093
185,0.22176197916269302,0.21618377417325974,0.21690691262483597,0.2172056809067726
186,0.3697225898504257,0.3255187049508095,0.3251326084136963,0.319250725209713
187,0.4665275737643242,0.4422438368201256,0.4431782588362694,0.4332542195916176
188,1.2965467125177383,1.2925516441464424,1.3113524541258812,1.305379070341587
189,0.1783609390258789,0.17940910160541534,0.20254207402467728,0.17677704244852066
190,1.2691281661391258,1.256815567612648,1.2457103356719017,1.2142403200268745
191,0.4702396020293236,0.4373745992779732,0.43737684190273285,0.4299829304218292
192,0.2965971753001213,0.2815311923623085,0.29591527581214905,0.27925264835357666
193,0.65798170119524,0.6158665269613266,0.6167034283280373,0.6401836723089218
194,0.42857374995946884,0.45310787111520767,0.47753649204969406,0.4147126004099846
195,1.4359667003154755,1.388881377875805,1.3799007833003998,1.4306645467877388
196,0.42070672661066055,0.4337124824523926,0.3968297839164734,0.39475076645612717
197,0.2179359272122383,0.2149464190006256,0.24267274886369705,0.21662086993455887
198,0.8442721366882324,0.7843869626522064,0.7700406536459923,0.786431260406971
199,0.21748901903629303,0.16173478215932846,0.16620394587516785,0.16735069453716278
200,1.350526548922062,1.2995576038956642,1.2712132632732391,1.2728915885090828
201,,,,
202,1.7542142495512962,1.7104630544781685,1.7263736426830292,1.7323445156216621
203,0.14325416088104248,0.16687804460525513,0.15654818713665009,0.14452476054430008
204,1.2648395150899887,1.290847584605217,1.2974409982562065,1.2927251234650612
205,0.28246691823005676,0.28822899609804153,0.28310584276914597,0.2872631177306175
206,0.2828205078840256,0.3010139837861061,0.2780664190649986,0.2773469313979149
207,0.6274498477578163,0.6009831055998802,0.5725858509540558,0.5864186212420464
208,0.186502143740654,0.1445184275507927,0.14237955957651138,0.14134255796670914
209,0.18042416870594025,0.17974143475294113,0.1836855560541153,0.17928284406661987
210,1.691132791340351,1.6989298611879349,1.7057373970746994,1.6987836807966232
211,0.17958925664424896,0.20079226791858673,0.19139891117811203,0.1821127012372017
212,0.736738957464695,0.7456354051828384,0.7359558716416359,0.7386509701609612
213,1.3313903287053108,1.1893029883503914,1.2639264687895775,1.145039550960064
214,0.17152795940637589,0.16450989991426468,0.16347414255142212,0.16218015551567078
215,0.14104358106851578,0.147844098508358,0.14479490369558334,0.14347612857818604
216,0.2760913446545601,0.2820804789662361,0.28211961686611176,0.2866775020956993
217,0.7998992055654526,0.8263895362615585,0.8088966980576515,0.820577085018158
218,0.18185484409332275,0.1828906163573265,0.18590790778398514,0.18462204933166504
219,0.44154754281044006,0.45182351768016815,0.4355347529053688,0.43151824176311493
220,0.289385162293911,0.2841314300894737,0.2803138568997383,0.2833619639277458
221,1.4903985187411308,1.3085990324616432,1.4246863052248955,1.3600905165076256
222,0.532499872148037,0.4544958546757698,0.4631398022174835,0.45611366629600525
223,0.7278159633278847,0.7396783754229546,0.7448412403464317,0.7336698174476624
224,1.3389999493956566,1.3459561243653297,1.3143067955970764,1.4184437543153763
225,0.45921948552131653,0.39878249913454056,0.3845951333642006,0.456854410469532
226,0.3997131660580635,0.45503274351358414,0.3978319317102432,0.38202790170907974
227,0.735722653567791,0.7975257709622383,0.785205788910389,0.7668729200959206
228,0.6482124701142311,0.6773181259632111,0.6318058967590332,0.677143894135952
229,0.401143878698349,0.3817097693681717,0.4168180078268051,0.3998919203877449
230,0.3239523023366928,0.34710194915533066,0.32399963587522507,0.35142211616039276
231,0.4452400207519531,0.43273089826107025,0.39280179888010025,0.4180963337421417
232,1.4890723824501038,1.5494742169976234,1.3636038079857826,1.3737406730651855
233,,,,
234,1.1959110423922539,1.2564476802945137,1.214962162077427,1.2151953279972076
235,0.4804977625608444,0.45789049565792084,0.43160466104745865,0.44711798429489136
236,0.1776953637599945,0.17722512036561966,0.19326388090848923,0.18101824820041656
237,,,,
238,0.4475649371743202,0.40039800107479095,0.39576105028390884,0.46402738243341446
239,0.22851090133190155,0.22085286676883698,0.21428349614143372,0.2324625700712204
240,1.5054245293140411,1.4633629024028778,1.4342876225709915,1.4973190054297447
241,0.29261644929647446,0.29745466262102127,0.2817067876458168,0.31393446028232574
242,1.7433370128273964,1.725094810128212,1.694443717598915,1.705032929778099
243,0.18517012149095535,0.18237921595573425,0.18377947807312012,0.20754002779722214
244,0.8417308107018471,0.8067887425422668,0.7986926659941673,0.7925157994031906
245,0.4329560697078705,0.449623204767704,0.41318924725055695,0.42396240681409836
246,1.711256355047226,1.6965826451778412,1.7004417404532433,1.6995777115225792
247,0.44251973181962967,0.4382213205099106,0.430844321846962,0.48770672082901
248,0.5375973805785179,0.48879025876522064,0.4547255411744118,0.47728853672742844
249,0.7233064025640488,0.6417938396334648,0.6344479620456696,0.6776820942759514
250,0.7990510910749435,0.8065782114863396,0.7980742305517197,0.810345470905304
251,1.2379112988710403,1.2810673862695694,1.1924564018845558,1.2102434560656548
252,0.28211600333452225,0.3057554140686989,0.2818918526172638,0.281759075820446
253,0.4734450727701187,0.46168727427721024,0.5087507516145706,0.46895428746938705
254,0.7883968278765678,0.8143922537565231,0.8016095384955406,0.7623744383454323
255,1.3682259917259216,1.398887075483799,1.2428013980388641,1.2148927226662636
256,1.3715762943029404,1.3045495599508286,1.287889376282692,1.2829765528440475
257,0.48461388796567917,0.5586220845580101,0.46321820467710495,0.4520638510584831
258,,,,
259,,,,
260,1.7709916159510612,1.767335221171379,1.6993158236145973,1.702510803937912
261,0.4300965592265129,0.470004566013813,0.42977723479270935,0.3988555446267128
262,,,,
263,0.7721208930015564,0.7930958792567253,0.8112434223294258,0.7697146907448769
264,0.7809184193611145,0.8327503874897957,0.8006373643875122,0.7893352657556534
265,0.19653639197349548,0.18375959992408752,0.18756165355443954,0.18029727786779404
266,0.7905102297663689,0.8233669772744179,0.818260982632637,0.8021152541041374
267,1.4131093472242355,1.6228553280234337,1.5227090269327164,1.5060060918331146
268,0.7313695028424263,0.7589488923549652,0.7394740059971809,0.7423267364501953
269,0.40560177713632584,0.40331123769283295,0.45547711849212646,0.4682321846485138
270,1.397876814007759,1.4264389052987099,1.347555696964264,1.3323666751384735
271,0.4346016198396683,0.40965909510850906,0.4381300210952759,0.42532002180814743
272,1.5301721319556236,1.59188761562109,1.5177465453743935,1.5315385162830353
273,1.7196559682488441,1.711419627070427,1.713626705110073,1.693782202899456
274,1.458623506128788,1.4401904568076134,1.4348646476864815,1.3549353033304214
275,0.8425673395395279,0.8541241437196732,0.8406207486987114,0.8300847858190536
276,1.548595353960991,1.5941205993294716,1.6016941368579865,1.5584589466452599
277,1.421800546348095,1.419771395623684,1.338715337216854,1.356957495212555
278,0.4571983218193054,0.44531895220279694,0.392100565135479,0.4357363358139992
279,0.1883382722735405,0.19394494593143463,0.20673437416553497,0.19455619901418686
280,0.2804580628871918,0.32382968068122864,0.2874194160103798,0.29384665936231613
281,0.42035939544439316,0.4253135547041893,0.40417204797267914,0.44614265114068985
282,0.14019251614809036,0.14359141886234283,0.19518335163593292,0.14252198487520218
283,1.3327460661530495,1.395617738366127,1.41177698969841,1.2954310923814774
284,0.7620144113898277,0.7686030566692352,0.7459456920623779,0.7483040764927864
285,0.7311578169465065,0.6734726130962372,0.6814928650856018,0.6467931717634201
286,0.32838039845228195,0.32593678683042526,0.3266516253352165,0.318247951567173
287,1.4841307029128075,1.596557691693306,1.522520773112774,1.4170165061950684
288,0.1404108703136444,0.1417856514453888,0.1440417245030403,0.19274022430181503
289,0.8336583226919174,0.8856423124670982,0.8374636247754097,0.8316808789968491
290,0.7478752583265305,0.7599320262670517,0.7485359907150269,0.7415393888950348
291,0.7145416885614395,0.6783068254590034,0.7061362341046333,0.6826522946357727
292,0.32405443489551544,0.3648015186190605,0.3558560162782669,0.3276017978787422
293,,,,
294,0.22558463364839554,0.26753461360931396,0.2500709965825081,0.2278013676404953
295,0.5025303289294243,0.45153089612722397,0.45048603415489197,0.4373696446418762
296,1.48214852809906,1.5046744123101234,1.510879136621952,1.400425635278225
297,0.1827092543244362,0.24839862436056137,0.2229337990283966,0.18677864968776703
298,0.4345836117863655,0.4916328638792038,0.4476220831274986,0.4142486974596977
299,0.7169284969568253,0.6709955483675003,0.7161334976553917,0.6552615091204643
300,0.41274386644363403,0.43985165655612946,0.469088077545166,0.40962008386850357
301,1.7816634774208069,1.6968097984790802,1.764437660574913,1.6964468657970428
302,0.8248248472809792,0.8693377748131752,0.8126542195677757,0.784749299287796
303,1.7068091332912445,1.7163982912898064,1.7049217969179153,1.7033358216285706
304,0.1912039965391159,0.2002304419875145,0.18993780761957169,0.1959013193845749
305,1.7529374361038208,1.7287996411323547,1.7039816975593567,1.7337290868163109
306,0.21532470732927322,0.24626319855451584,0.26590920984745026,0.24930530786514282
307,0.14330890774726868,0.17665446549654007,0.14720910787582397,0.14634721726179123
308,1.491452656686306,1.5007280930876732,1.4246879741549492,1.3689962178468704
309,0.1410217508673668,0.17670007050037384,0.14299072325229645,0.14452555030584335
310,0.44453294575214386,0.4341682493686676,0.4350648522377014,0.4370119869709015
311,0.45259855687618256,0.40855035930871964,0.4119022265076637,0.40421024709939957
312,,,,
313,0.2962184101343155,0.278967909514904,0.28547122329473495,0.281671866774559
314,,,,
315,0.8117895051836967,0.8539199829101562,0.7811225056648254,0.7649203687906265
316,0.4393148869276047,0.4048464000225067,0.38041333854198456,0.3906370475888252
317,0.48574191331863403,0.4547906219959259,0.46416454017162323,0.4586542248725891
318,0.1884707435965538,0.20332515239715576,0.1772090643644333,0.18192870914936066
319,0.7245227247476578,0.7482339516282082,0.7327536717057228,0.7330201044678688
320,0.7334396243095398,0.7931466698646545,0.7307553142309189,0.7369624152779579
321,0.4333317205309868,0.4856932684779167,0.3936323896050453,0.3942076712846756
322,0.4225383326411247,0.41259920597076416,0.400727815926075,0.41228850930929184
323,0.14262895286083221,0.20493100583553314,0.1463693231344223,0.14406146109104156
324,0.4524438679218292,0.3864283040165901,0.40380478650331497,0.39144428819417953
325,0.6710242405533791,0.5916673988103867,0.5843827351927757,0.5786176845431328
326,0.21974033117294312,0.18477235734462738,0.18255890905857086,0.18080011010169983
327,,,,
328,0.1398559734225273,0.14195459336042404,0.1438087821006775,0.1427334100008011
329,1.177485927939415,1.2495791763067245,1.2398564592003822,1.227904625236988
330,1.2441821843385696,1.2909883707761765,1.2528097182512283,1.264127291738987
331,0.4036451131105423,0.3941039368510246,0.39374708384275436,0.4232698455452919
332,0.7848290801048279,0.7435466721653938,0.7342676520347595,0.7359514012932777
333,1.7008124813437462,1.7620575428009033,1.699648566544056,1.7005733326077461
334,0.8844694122672081,0.8275224566459656,0.8724457621574402,0.7863158360123634
335,1.2650036960840225,1.2775842398405075,1.3505024313926697,1.2901216447353363
336,1.2886488139629364,1.332829311490059,1.3203884661197662,1.2629535272717476
337,0.32351014018058777,0.32418785244226456,0.3205887898802757,0.3264082968235016
338,0.7908919006586075,0.7441832199692726,0.7333886921405792,0.7504608631134033
339,0.4642402157187462,0.5123285204172134,0.4587147757411003,0.4344019219279289
340,0.5752092972397804,0.5154764801263809,0.49529316276311874,0.4799717217683792
341,0.2306004762649536,0.22980287671089172,0.22854366153478622,0.21368419378995895
342,1.5151016041636467,1.5174698531627655,1.442913956940174,1.4330221936106682
343,0.8494030758738518,0.8336790129542351,0.8659210726618767,0.8285892605781555
344,0.21784662455320358,0.2317546308040619,0.21431656926870346,0.21641725301742554
345,,,,
346,0.5059444606304169,0.44053466618061066,0.4555204436182976,0.45776963979005814
347,0.5097982063889503,0.5070296674966812,0.46206000447273254,0.4714581146836281
348,1.3314668834209442,1.3351502567529678,1.3448906168341637,1.3913924843072891
349,0.4497773349285126,0.4564686343073845,0.4174158126115799,0.4153067469596863
350,1.2125063613057137,1.2759949788451195,1.2890125885605812,1.2905372306704521
351,0.4157559424638748,0.44066473096609116,0.4442482739686966,0.4224756136536598
352,0.14261598885059357,0.14479395747184753,0.1448705494403839,0.14400944113731384
353,0.805396556854248,0.8358450531959534,0.7987320423126221,0.8148971572518349
354,0.1865743026137352,0.19824961572885513,0.18070396035909653,0.19110138714313507
355,0.8044596165418625,0.783226378262043,0.8003878593444824,0.7958328574895859
356,0.41570912301540375,0.4231177344918251,0.3798206076025963,0.4090835526585579
357,1.4222895875573158,1.3514671996235847,1.3775957748293877,1.2936752662062645
358,0.44171980768442154,0.4274367019534111,0.44101042300462723,0.4452598765492439
359,1.520033359527588,1.4732118248939514,1.4503097385168076,1.5404047593474388
360,0.1609094962477684,0.18452035635709763,0.1863805428147316,0.1638282835483551
361,1.55488932877779,1.5112709403038025,1.498741552233696,1.5184608548879623
362,0.48762256652116776,0.43947504460811615,0.439965158700943,0.43182433396577835
363,1.7461859956383705,1.706042431294918,1.693054087460041,1.7282145321369171
364,0.1411362662911415,0.14690954983234406,0.143016017973423,0.14358875155448914
365,,,,
366,0.16688497364521027,0.20804191380739212,0.16574499011039734,0.16707013547420502
367,0.43178460001945496,0.4301845356822014,0.43084582686424255,0.43407654017210007
368,0.8284363150596619,0.8908219486474991,0.8930145800113678,0.8326881304383278
369,,,,
370,0.816462516784668,0.8041026964783669,0.7877668887376785,0.7971205338835716
371,0.4173210337758064,0.4491300880908966,0.41930103302001953,0.42893239855766296
372,0.4584898427128792,0.4455856531858444,0.42973244935274124,0.4524916037917137
373,0.7376837283372879,0.7424353882670403,0.7360204607248306,0.7539945766329765
374,0.4888108968734741,0.43561404198408127,0.4202062338590622,0.40290338546037674
375,0.2753913030028343,0.31840894371271133,0.27741142362356186,0.28110431134700775
376,0.4475996568799019,0.42570682615041733,0.4538539797067642,0.40868329256772995
377,1.7100169509649277,1.742389902472496,1.7491090148687363,1.7282264307141304
378,1.6010496318340302,1.4705125838518143,1.5212030038237572,1.523791842162609
379,0.1887185126543045,0.1956590637564659,0.1806647777557373,0.18946129083633423
380,0.22187352180480957,0.2129489853978157,0.18952829390764236,0.18331071734428406
381,1.5506846532225609,1.5138470903038979,1.4779331535100937,1.5226458460092545
382,0.4628939628601074,0.45522111654281616,0.5183080509305,0.46708647161722183
383,0.2885800823569298,0.279447540640831,0.28080951422452927,0.28853679448366165
384,0.22800478339195251,0.2104589194059372,0.1838897094130516,0.1926828771829605
385,0.2831468880176544,0.28769662231206894,0.3062755987048149,0.2836831957101822
386,0.240714929997921,0.22646162658929825,0.22501656413078308,0.23152180761098862
387,,,,
388,1.388876385986805,1.402535729110241,1.3220011368393898,1.3476041853427887
389,0.21696217358112335,0.22069193422794342,0.2158963680267334,0.21606963872909546
390,,,,
391,0.19981373101472855,0.19190417975187302,0.18719851970672607,0.18898241221904755
392,0.7560770660638809,0.7210812270641327,0.6525087654590607,0.6714835688471794
393,0.17981640994548798,0.19946691393852234,0.1611964926123619,0.15964025259017944
394,1.7221460789442062,1.7020791620016098,1.7331240475177765,1.7415729016065598
395,0.20170921087265015,0.21119080483913422,0.1843966767191887,0.20445644110441208
396,0.4122231751680374,0.41671522706747055,0.4229458123445511,0.40221550315618515
397,0.21922726184129715,0.22904009371995926,0.2206001803278923,0.22405169904232025
398,,,,
399,1.398563675582409,1.3467752113938332,1.3101656138896942,1.3762529119849205
400,1.5821790546178818,1.5197393968701363,1.4257487431168556,1.5398643836379051
401,0.14069323241710663,0.15375660359859467,0.14450913667678833,0.14830519258975983
402,1.5363511741161346,1.4965814277529716,1.3931029811501503,1.516195796430111
403,0.43860070407390594,0.4505503177642822,0.4436449632048607,0.45357394963502884
404,0.36475253850221634,0.3417199179530144,0.348798930644989,0.3232729062438011
405,0.8491883426904678,0.8456892892718315,0.814457081258297,0.868662916123867
406,1.5379130467772484,1.521334894001484,1.4274534210562706,1.6197566464543343
407,0.18701231479644775,0.19295449554920197,0.17883039265871048,0.17801235616207123
408,0.3410964906215668,0.32026707381010056,0.3233122229576111,0.33001552522182465
409,0.23449304699897766,0.18882595002651215,0.18430088460445404,0.19229499995708466
410,1.6923661828041077,1.7161307483911514,1.6968261450529099,1.722910150885582
411,0.8445856273174286,0.8521856442093849,0.7841367051005363,0.8844704851508141
412,1.7250184044241905,1.7414019480347633,1.69515048712492,1.6927923113107681
413,0.16602633893489838,0.1868591532111168,0.14309021085500717,0.151845283806324
414,1.5017507076263428,1.4244447350502014,1.448892593383789,1.5589380115270615
415,0.44245555251836777,0.4212452694773674,0.4473089575767517,0.43998247385025024
416,0.7593796625733376,0.6216564998030663,0.7282407954335213,0.7013108357787132
417,0.45538993179798126,0.4703258201479912,0.4574028104543686,0.5007382556796074
418,0.8430450931191444,0.7978100702166557,0.7695518657565117,0.8233056664466858
419,0.19603068381547928,0.15417558699846268,0.17235422879457474,0.2045813351869583
420,0.419734388589859,0.4144730418920517,0.42795687168836594,0.42303477972745895
421,0.49539434164762497,0.4064842686057091,0.39006824791431427,0.4483128860592842
422,0.16254960000514984,0.17660443484783173,0.15609298646450043,0.16172068566083908
423,0.7568315416574478,0.7410905957221985,0.7319324910640717,0.7343356534838676
424,1.3298646360635757,1.314891129732132,1.3040070831775665,1.3076358661055565
425,0.21605104953050613,0.18842371553182602,0.17076986283063889,0.17739058285951614
426,,,,
427,0.18792469799518585,0.188438281416893,0.18715333193540573,0.2637395039200783
428,0.7367357313632965,0.7447052076458931,0.7353541627526283,0.7470918744802475
429,0.3098210394382477,0.2961791381239891,0.29111821949481964,0.31195829808712006
430,0.18541858345270157,0.16363493353128433,0.1710147112607956,0.17720536142587662
431,0.5035190135240555,0.5610832795500755,0.46792415529489517,0.4684581011533737
432,0.5352786108851433,0.5052849724888802,0.4578741118311882,0.45938389003276825
433,1.1558935195207596,1.1454457640647888,1.1971541568636894,1.2106598615646362
434,1.7496633902192116,1.6955835297703743,1.7189183682203293,1.7355961948633194
435,0.21896850317716599,0.2573612257838249,0.22403690218925476,0.23736342042684555
436,1.4444027170538902,1.4301592782139778,1.5070267617702484,1.3597610741853714
437,0.33518534898757935,0.3885035067796707,0.3232613056898117,0.32359692454338074
438,1.701850451529026,1.7039299979805946,1.6984318941831589,1.7898429781198502
439,1.4136279374361038,1.4278945252299309,1.4040257707238197,1.495216690003872
440,0.18101224303245544,0.16519802063703537,0.1652860790491104,0.16036628186702728
441,0.8100518733263016,0.8137137517333031,0.8226109147071838,0.8090033978223801
442,0.7414186075329781,0.7431372404098511,0.74957624822855,0.7341272383928299
443,0.18442929536104202,0.18648243695497513,0.18999098241329193,0.18633230030536652
444,0.4135926738381386,0.4244534745812416,0.40688055008649826,0.4203995317220688
445,1.6937021538615227,1.6922776997089386,1.8231775015592575,1.7208665311336517
446,0.7385810613632202,0.7374240607023239,0.7431335300207138,0.7361157387495041
447,0.21813783794641495,0.22731807827949524,0.22239361703395844,0.2148023247718811
448,0.4441033750772476,0.4226626679301262,0.4108405336737633,0.41445382684469223
449,1.2991184368729591,1.3393875062465668,1.314890943467617,1.3286831006407738
450,0.4311104714870453,0.41099007427692413,0.42245832830667496,0.45785675942897797
451,1.5301337838172913,1.6509099379181862,1.4938931688666344,1.6792915537953377
452,0.4134775772690773,0.4137527570128441,0.3995058536529541,0.5075493827462196
453,0.20437973737716675,0.18249866366386414,0.18606065958738327,0.18477650731801987
454,1.2986499220132828,1.3328086361289024,1.2921872213482857,1.2618289813399315
455,0.7037835344672203,0.7449263855814934,0.7221498265862465,0.6716298684477806
456,0.450733445584774,0.4402809888124466,0.44620340317487717,0.4650508016347885
457,1.367633193731308,1.3349074348807335,1.364938698709011,1.429051712155342
458,0.23482605069875717,0.24874884635210037,0.21710273623466492,0.26202353090047836
459,0.7700657024979591,0.6966467276215553,0.847206249833107,0.9369296431541443
460,1.7433581873774529,1.7058080732822418,1.703153356909752,1.702858179807663
461,1.3851604759693146,1.3174854069948196,1.3504599332809448,1.4317208379507065
462,,,,
463,1.5993179827928543,1.608585149049759,1.6183356195688248,1.6308420896530151
464,0.7317044138908386,0.7149786725640297,0.7962407097220421,0.7349075600504875
465,0.19453901797533035,0.19489289075136185,0.15950259566307068,0.1599406823515892
466,1.5326512679457664,1.5179466754198074,1.5590018406510353,1.7083687782287598
467,0.47890591621398926,0.4751928374171257,0.4952082186937332,0.5062737390398979
468,0.47800976783037186,0.4623796120285988,0.48355191200971603,0.46739839017391205
469,0.3903292641043663,0.3397260829806328,0.324950709939003,0.34056317806243896
470,0.4391838163137436,0.47641482949256897,0.48435480147600174,0.4589577913284302
471,1.3069234043359756,1.4300025552511215,1.367685079574585,1.402541846036911
472,0.3918508142232895,0.32472238689661026,0.33805304020643234,0.33274148404598236
473,0.7342268601059914,0.7747602611780167,0.7421485111117363,0.7701771035790443
474,0.31820251047611237,0.3243257850408554,0.3278032913804054,0.34799952059984207
475,0.23169366270303726,0.23324401676654816,0.23758670687675476,0.26182086765766144
476,0.4458911865949631,0.410355806350708,0.4300815016031265,0.4439544901251793
477,0.4689558297395706,0.440749928355217,0.4481496959924698,0.45120958238840103
478,1.627731241285801,1.5751637518405914,1.4548574462532997,1.6852144077420235
479,0.45455440878868103,0.42204637825489044,0.42936374247074127,0.5126956105232239
480,1.5407530963420868,1.665202870965004,1.584468960762024,1.5836906284093857
481,1.3175092339515686,1.3394973427057266,1.35025405138731,1.3928152695298195
482,0.232677161693573,0.23182127624750137,0.23436011373996735,0.225933238863945
483,1.4304344728589058,1.5101585984230042,1.5785978734493256,1.651950940489769
484,1.2754899710416794,1.366070717573166,1.280422568321228,1.3818881288170815
485,0.8404346331954002,0.8201737627387047,0.830773115158081,0.8414720818400383
486,0.2897429019212723,0.32211074978113174,0.29416855424642563,0.2845907136797905
487,1.4002125561237335,1.3424584791064262,1.4013395980000496,1.293936237692833
488,0.2946903333067894,0.2945260554552078,0.2872212752699852,0.29292701184749603
489,0.33514388650655746,0.3269009217619896,0.3345613554120064,0.32682905346155167
490,0.8768631294369698,0.8056590855121613,0.8656759783625603,0.9076366573572159
491,,,,
492,1.2325708717107773,1.361158862709999,1.3450400680303574,1.0985788330435753
493,0.5059203132987022,0.46962449699640274,0.4650355353951454,0.5407390296459198
494,1.4335755109786987,1.337986096739769,1.337245985865593,1.3729885295033455
495,0.7557999491691589,0.7498273849487305,0.7460466250777245,0.7629968598484993
496,0.19916585832834244,0.18920157849788666,0.20617679506540298,0.2339669167995453
497,0.7503478825092316,0.7431065663695335,0.7883979827165604,0.7522194758057594
498,1.5595244690775871,1.4220708459615707,1.5106401145458221,1.4973204433918
499,0.5145516246557236,0.4209766834974289,0.456705242395401,0.44364189356565475
500,0.466191366314888,0.4856487885117531,0.5236111730337143,0.4243830591440201
501,0.3212519660592079,0.32628294080495834,0.3348775655031204,0.3934054747223854
502,0.29075247794389725,0.2861390858888626,0.29405298829078674,0.2902242988348007
503,0.5147991925477982,0.469991073012352,0.4718988910317421,0.4978126734495163
504,0.8402953147888184,0.8200913742184639,0.8381045311689377,0.84831552952528
505,0.18889829516410828,0.19084705412387848,0.1941867098212242,0.2017233967781067
506,1.357821874320507,1.3188513815402985,1.4192991107702255,1.3839278891682625
507,1.553503341972828,1.2218966484069824,1.4401926323771477,1.3653357028961182
508,0.41245514154434204,0.43876947462558746,0.4612489119172096,0.45524344593286514
509,0.22926907986402512,0.2135240063071251,0.22774504870176315,0.23040945827960968
510,0.7971333116292953,0.7985966205596924,0.8062388747930527,0.7982903942465782
511,0.762720949947834,0.6819351017475128,0.7571054324507713,0.7139211967587471
512,0.2246246561408043,0.21865206956863403,0.22500842809677124,0.22100166231393814
513,0.44392120093107224,0.5101580247282982,0.46466638147830963,0.4675041511654854
514,,,,
515,0.5234098955988884,0.4667699486017227,0.4853391796350479,0.47652044892311096
516,0.7380735650658607,0.7474557161331177,0.7897030562162399,0.7632103338837624
517,0.33893951773643494,0.3272485062479973,0.3248381018638611,0.32948753982782364
518,1.7063557282090187,1.704786442220211,1.7374777272343636,1.7039428427815437
519,1.4062668234109879,1.278996154665947,1.3650917261838913,1.3087827190756798
520,0.21963881701231003,0.19206983596086502,0.22638588398694992,0.2026147097349167
521,0.15598251670598984,0.1910242810845375,0.18050182610750198,0.1730486899614334
522,1.5666587501764297,1.4453074857592583,1.5680056139826775,1.256633184850216
523,0.8734018877148628,0.7919124662876129,0.8613417074084282,0.8032595962285995
524,1.362610585987568,1.320572093129158,1.3591178208589554,1.3030440658330917
525,1.2157360911369324,1.2360466495156288,1.1914673671126366,1.2745617553591728
526,0.9526108652353287,0.7618211433291435,0.8605575487017632,0.7233149856328964
527,0.22349343448877335,0.21495933085680008,0.24158182740211487,0.2289286032319069
528,1.6997343227267265,1.6868193075060844,1.7396002039313316,1.699502319097519
529,0.4721156433224678,0.4339517056941986,0.4540548548102379,0.4968818500638008
530,0.8945287391543388,0.8013488203287125,0.8261323198676109,0.7625377550721169
531,,,,
532,0.40254808217287064,0.39612358808517456,0.41136492788791656,0.39341409504413605
533,1.711794875562191,1.6920751333236694,1.7041367143392563,1.7019569128751755
534,0.1863657310605049,0.22122589498758316,0.19760289043188095,0.18533995002508163
535,1.616931326687336,1.586661458015442,1.5781106725335121,1.4253215119242668
536,0.18627462536096573,0.227727971971035,0.20969455689191818,0.1979338377714157
537,0.8252567574381828,0.7794326394796371,0.8554404973983765,0.7992336452007294
538,1.2661987021565437,1.2921449467539787,1.295562744140625,1.2396970391273499
539,0.8278498202562332,0.8081725016236305,0.8074280247092247,0.863139845430851
540,1.5048153027892113,1.4524175897240639,1.5707933530211449,1.5503083616495132
541,1.7142079919576645,1.707210011780262,1.7014423608779907,1.7232121527194977
542,0.289198637008667,0.2825244590640068,0.2830212637782097,0.2919730022549629
543,0.8534716218709946,0.7838929742574692,0.8423306196928024,0.8473367467522621
544,1.4834462329745293,1.4672771468758583,1.4931406453251839,1.5282136276364326
545,1.5728435441851616,1.4919339418411255,1.5843704789876938,1.574201948940754
546,0.5069463923573494,0.46092694252729416,0.4890540540218353,0.4653899595141411
547,0.8615509569644928,0.8321403414011002,0.8330454081296921,0.8355748727917671
548,0.2139497995376587,0.1651189923286438,0.23436899483203888,0.1835368648171425
549,0.861229844391346,0.8169452399015427,0.9016074165701866,0.826079711318016
550,1.3011043667793274,1.3041037768125534,1.2829045802354813,1.2542767375707626
551,0.7532906010746956,0.7385147586464882,0.7517272755503654,0.742125004529953
552,0.1844349354505539,0.18514328449964523,0.19988936185836792,0.18538478761911392
553,0.4373266398906708,0.43328987807035446,0.4178168773651123,0.42177869379520416
554,0.34059567749500275,0.3775176927447319,0.38261695206165314,0.3262334316968918
555,0.20250986516475677,0.1888774335384369,0.19699125736951828,0.186343252658844
556,0.6842913627624512,0.6548935249447823,0.6734489649534225,0.6525498032569885
557,0.48499061167240143,0.4725702628493309,0.4836900681257248,0.4935261681675911
558,0.18864905089139938,0.18116725236177444,0.16849863529205322,0.1610754430294037
559,0.20337655395269394,0.16046902537345886,0.22789859026670456,0.15544743090867996
560,,,,
561,0.40265943109989166,0.4026973247528076,0.40496863424777985,0.41573616117239
562,1.3499668911099434,1.3447904735803604,1.3532251045107841,1.3068610951304436
563,0.32092124223709106,0.3271171897649765,0.32981282472610474,0.3270753398537636
564,0.6826658919453621,0.6400722414255142,0.6413006857037544,0.5992692485451698
565,0.46259525418281555,0.4041154235601425,0.4970438778400421,0.4148767590522766
566,0.41873881965875626,0.39772113412618637,0.41051217913627625,0.4009740501642227
567,0.24235110729932785,0.2418774664402008,0.23427767306566238,0.2440672516822815
568,0.19726575911045074,0.1764659807085991,0.20400861650705338,0.14517782628536224
569,1.4812502935528755,1.045622058212757,1.4352968856692314,1.3064413964748383
570,0.8371284380555153,0.8326249867677689,0.8323632106184959,0.8732770457863808
571,0.4305451735854149,0.3873709812760353,0.38781554996967316,0.39221083372831345
572,1.4988957643508911,1.4393749684095383,1.4308970719575882,1.0307565331459045
573,0.4219454228878021,0.3906281068921089,0.405604250729084,0.40569091588258743
574,1.1750649139285088,1.2321589216589928,1.1558938771486282,1.1770439445972443
575,0.18008166551589966,0.17674800008535385,0.18228888511657715,0.17876845598220825
576,0.8688737079501152,0.7826552018523216,0.8070951551198959,0.7990582287311554
577,0.7268729135394096,0.7441986948251724,0.7606587111949921,0.7386351004242897
578,0.32406821846961975,0.34828685969114304,0.31729910522699356,0.3199547231197357
579,0.1584109291434288,0.1637149378657341,0.16888850182294846,0.1618092730641365
580,0.24389534443616867,0.20935463905334473,0.21368473768234253,0.21515149623155594
581,0.18803482502698898,0.15539247542619705,0.15818008035421371,0.15915145725011826
582,0.428881011903286,0.3944932743906975,0.4086598604917526,0.4335930794477463
583,0.3169201761484146,0.3197704032063484,0.3438050150871277,0.3236095681786537
584,0.3743751645088196,0.31965094059705734,0.3367079198360443,0.31648238003253937
585,1.295692928135395,1.3165042027831078,1.2798777669668198,1.3907934054732323
586,0.1613299325108528,0.15857859700918198,0.16095112264156342,0.1678239405155182
587,0.48770809918642044,0.4621775150299072,0.47857214510440826,0.48904481530189514
588,0.2132764831185341,0.2130739390850067,0.2326107993721962,0.21559303998947144
589,0.15529890358448029,0.15971744060516357,0.16621562838554382,0.15531883388757706
590,1.3031071946024895,1.21066103130579,1.203829474747181,1.1775254309177399
591,0.7940630316734314,0.7725201472640038,0.7918505594134331,0.8054741397500038
592,0.18380041420459747,0.18275263905525208,0.18526343256235123,0.21275035291910172
593,0.27651459723711014,0.28258755803108215,0.2931976839900017,0.31921034306287766
594,0.6933257877826691,0.6394574418663979,0.6059622019529343,0.6169911399483681
595,0.42361755669116974,0.42097917199134827,0.4087177962064743,0.4047245532274246
596,0.4546685889363289,0.43757081031799316,0.4406513646245003,0.4594874382019043
597,,,,
598,0.4835435524582863,0.45637476444244385,0.46415018290281296,0.49305509775877
599,0.20201926678419113,0.18341706693172455,0.18455781787633896,0.17780780047178268
600,0.1492321938276291,0.16711710393428802,0.15599384158849716,0.1654069945216179
601,0.17949459701776505,0.1896626055240631,0.18426594883203506,0.19101519137620926
602,1.5315792337059975,1.4737070426344872,1.3800812512636185,1.456759050488472
603,1.3333727717399597,1.3834721893072128,1.2779315412044525,1.305768147110939
604,1.508925922214985,1.4128895476460457,1.3501591086387634,1.2583173736929893
605,0.2872077152132988,0.214188851416111,0.21397234499454498,0.22933047264814377
606,0.4899575337767601,0.449726939201355,0.4619761034846306,0.48266342282295227
607,0.1661011278629303,0.15758761018514633,0.1644676774740219,0.16708865016698837
608,1.77194744348526,1.6963052451610565,1.7391604855656624,1.7059590443968773
609,0.4360751360654831,0.43762966990470886,0.4312364086508751,0.4992457181215286
610,0.1961195096373558,0.1723049134016037,0.17758088558912277,0.18044168502092361
611,1.7022177129983902,1.6884948834776878,1.6993209421634674,1.7056205049157143
612,,,,
613,0.1971271112561226,0.19180377572774887,0.18588490784168243,0.17981600761413574
614,0.5180791392922401,0.4626671224832535,0.45513657480478287,0.4646729305386543
615,0.282821886241436,0.28723473101854324,0.28106553107500076,0.31946171820163727
616,0.4035997986793518,0.40368854254484177,0.40650271624326706,0.3932988792657852
617,0.740071676671505,0.7360150143504143,0.7418738678097725,0.7557704746723175
618,,,,
619,1.3106465637683868,1.4707748591899872,1.283452920615673,1.3258077129721642
620,1.3562040850520134,1.3691790848970413,1.3284303396940231,1.3881334960460663
621,0.837070532143116,0.827732041478157,0.7916576340794563,0.7885169237852097
622,0.7240456789731979,0.6587607860565186,0.6039739698171616,0.6460076048970222
623,0.15688195824623108,0.15214379131793976,0.15376759320497513,0.1599106639623642
624,0.43374697118997574,0.48377590626478195,0.43450601398944855,0.49208687245845795
625,0.1559092253446579,0.18615545332431793,0.15483293682336807,0.1596059426665306
626,1.5732305869460106,1.5053920149803162,1.486547328531742,1.5022638142108917
627,1.5048729851841927,1.4465369656682014,1.4704759269952774,1.5342439040541649
628,1.532139465212822,1.4593792334198952,1.5343052372336388,1.5180719047784805
629,0.1633128672838211,0.1550576016306877,0.15288957208395004,0.15683618187904358
630,0.4883860945701599,0.498310849070549,0.4616464525461197,0.4897633567452431
631,,,,
632,0.21632599085569382,0.2529047504067421,0.21991607546806335,0.21826671808958054
633,0.8466888219118118,0.8514529019594193,0.8042724505066872,0.9078048542141914
634,0.18845370411872864,0.17258529365062714,0.17407970130443573,0.18352105468511581
635,0.4508577510714531,0.39774536341428757,0.40526898205280304,0.3985144570469856
636,0.2481338232755661,0.21874690800905228,0.21733956784009933,0.2184719368815422
637,1.0563782379031181,1.0993224382400513,0.9632224962115288,0.897223711013794
638,1.0641197562217712,1.002884455025196,1.0124233067035675,0.9788632020354271
639,1.0048014596104622,1.0614890679717064,0.9580521732568741,0.9260742515325546
640,1.5396679788827896,1.537749245762825,1.512239396572113,1.4035985171794891
641,0.7387643083930016,0.7458861619234085,0.7386949509382248,0.7376422509551048
642,0.23503777384757996,0.22886909544467926,0.2310432866215706,0.22418323159217834
643,0.2009519562125206,0.19354697316884995,0.2147500291466713,0.21460357308387756
644,0.868342787027359,0.8247353285551071,0.83290084451437,0.7968616485595703
645,0.47941553592681885,0.4192843586206436,0.3975224271416664,0.418642558157444
646,1.4192162305116653,1.3225207775831223,1.37277240306139,1.4160490483045578
647,0.15687288343906403,0.19384504109621048,0.14480508863925934,0.14574255794286728
648,1.2591153159737587,1.2815200313925743,1.24075198918581,1.340011477470398
649,1.7243478447198868,1.7034450098872185,1.7060735672712326,1.7771847173571587
650,0.8028626590967178,0.7466550022363663,0.7608817368745804,0.7371961921453476
651,0.7337452322244644,0.7425771877169609,0.7598887532949448,0.7446704357862473
652,0.2991426885128021,0.2856116518378258,0.28761065751314163,0.29362278431653976
653,0.7435751184821129,0.7384411171078682,0.7452723234891891,0.7408304810523987
654,0.1840808019042015,0.17758294939994812,0.1841549426317215,0.1820109486579895
655,0.4752851650118828,0.4104601591825485,0.4257608875632286,0.43769697844982147
656,1.4431562721729279,1.5108114928007126,1.4724207371473312,1.5076158344745636
657,0.44357604533433914,0.4050043225288391,0.4227200970053673,0.4121595546603203
658,0.4537813887000084,0.4278479963541031,0.403672993183136,0.40297549962997437
659,0.2119264379143715,0.23040787130594254,0.1857151985168457,0.19291934370994568
660,0.7045543193817139,0.648224338889122,0.6666866466403008,0.6493731737136841
661,0.22499490529298782,0.2143581584095955,0.21806717664003372,0.2180561125278473
662,1.3083239272236824,1.3104270249605179,1.3006455078721046,1.3685139864683151
663,1.3643566370010376,1.3576557040214539,1.3063013330101967,1.3061039075255394
664,0.1501479297876358,0.1457565501332283,0.147886261343956,0.1423410251736641
665,0.8059306889772415,0.7886661514639854,0.7840904220938683,0.8287678360939026
666,0.7371372357010841,0.7254775539040565,0.6612610444426537,0.7691487297415733
667,0.21380281448364258,0.22290225327014923,0.21785826981067657,0.2584727331995964
668,1.7073965966701508,1.709819719195366,1.6980028748512268,1.6948592737317085
669,0.7333087027072906,0.6964207217097282,0.6575875356793404,0.743975542485714
670,0.17940489202737808,0.1806340515613556,0.18668127059936523,0.17589572817087173
671,0.28008584678173065,0.2901681587100029,0.28652922809123993,0.28399087488651276
672,0.211496502161026,0.1798354983329773,0.18900437653064728,0.19303146749734879
673,0.18170485645532608,0.19898197799921036,0.1657845824956894,0.17132315039634705
674,0.1850273758172989,0.1816074326634407,0.21560632437467575,0.19435793161392212
675,1.7391146123409271,1.6957230120897293,1.700671799480915,1.7220380008220673
676,1.7025167420506477,1.6957124471664429,1.7047747820615768,1.6923493668437004
677,0.17766670882701874,0.1873180791735649,0.1833353489637375,0.19142252206802368
678,0.1717849299311638,0.1860620155930519,0.1897621974349022,0.19193214178085327
679,0.17845652997493744,0.18300195038318634,0.17887333780527115,0.19151318073272705
680,1.2828287705779076,1.2831128239631653,1.2830963879823685,1.3849768564105034
681,0.22338003665208817,0.18502143025398254,0.1822829619050026,0.18887856602668762
682,,,,
683,0.3305980712175369,0.32004188746213913,0.3248424604535103,0.3454541191458702
684,1.4339279904961586,1.0449784398078918,1.1197149977087975,1.354722574353218
685,0.2277112528681755,0.22301257401704788,0.21767301857471466,0.2177041918039322
686,0.7890264242887497,0.7802360355854034,0.771727055311203,0.8431283682584763
687,0.5299598574638367,0.43404458463191986,0.4245353862643242,0.4273131564259529
688,0.1935017928481102,0.1916763186454773,0.18255477398633957,0.22997582703828812
689,0.42702067643404007,0.39231833815574646,0.39467012882232666,0.38482192158699036
690,0.13972795754671097,0.14552736282348633,0.14310713857412338,0.146040178835392
691,0.19703159481287003,0.18636508285999298,0.1773609146475792,0.18577136099338531
692,1.3607229962944984,1.2713529393076897,1.2855353206396103,1.3000643327832222
693,0.1818603277206421,0.1807907596230507,0.1821693629026413,0.2052140235900879
694,0.31664422154426575,0.3196288049221039,0.3165457919239998,0.32242410629987717
695,0.16310763359069824,0.15827035158872604,0.15651391446590424,0.15570878237485886
696,0.7965139672160149,0.7972196340560913,0.8281457647681236,0.8266527652740479
697,1.5277311876416206,1.4524989798665047,1.3996252715587616,1.4614633098244667
698,0.2759885862469673,0.2777690887451172,0.2834695875644684,0.2770291790366173
699,0.14126399904489517,0.1433865875005722,0.14300724118947983,0.14590339362621307
700,1.2272773161530495,1.241311252117157,1.2371039167046547,1.217225767672062
701,0.18305935710668564,0.18249095231294632,0.18511705845594406,0.1843092441558838
702,0.19071375578641891,0.1875920072197914,0.19933653622865677,0.18622317165136337
703,1.303140290081501,1.2804350927472115,1.2838074266910553,1.2332483679056168
704,0.7841252982616425,0.7830768749117851,0.7920708730816841,0.831945113837719
705,0.2010025605559349,0.18218380212783813,0.18293780833482742,0.22866619378328323
706,,,,
707,0.17886699736118317,0.1560598537325859,0.1681704968214035,0.18283383548259735
708,0.1575748473405838,0.1539934277534485,0.1606021672487259,0.15703347325325012
709,0.4506128877401352,0.44773200154304504,0.47383158653974533,0.47448448836803436
710,0.17543122172355652,0.17126841843128204,0.1822328418493271,0.17706768959760666
711,0.7991124615073204,0.8241539150476456,0.870610773563385,0.8210189938545227
712,0.44024232029914856,0.4343681335449219,0.4314998984336853,0.4273524135351181
713,1.3645159751176834,1.2965246737003326,1.3555485010147095,1.3832806646823883
714,0.4896784946322441,0.5014984831213951,0.4949569031596184,0.48297712951898575
715,1.16810804605484,1.4433561936020851,1.4551437497138977,1.488247238099575
716,0.20258427411317825,0.15563461184501648,0.16493847221136093,0.18896277248859406
717,0.8215624019503593,0.8273859396576881,0.8341809511184692,0.8090326562523842
718,1.3015656769275665,1.2225939184427261,1.3036291897296906,1.2374019846320152
719,0.17900114506483078,0.18376047164201736,0.18571795523166656,0.1946750432252884
720,0.21691523492336273,0.17457155138254166,0.17360732704401016,0.1782197281718254
721,0.4737161174416542,0.4511640816926956,0.44294922053813934,0.46793382614851
722,0.6624801680445671,0.6200858652591705,0.616261787712574,0.6925944313406944
723,1.2951785326004028,1.3236423805356026,1.4170253723859787,1.4541305303573608
724,1.4778019413352013,1.5026959404349327,1.4810010194778442,1.5373897701501846
725,0.46585536003112793,0.396488718688488,0.3971795067191124,0.41310586780309677
726,0.18338100612163544,0.1813424527645111,0.1781122088432312,0.18010754883289337
727,1.6943236216902733,1.7164794728159904,1.7146753445267677,1.7238702476024628
728,1.5022742226719856,1.475982889533043,1.50546944886446,1.2627619430422783
729,,,,
730,0.4236231595277786,0.3765241205692291,0.4751478284597397,0.43442853540182114
731,1.4369415417313576,1.2367151528596878,1.533846691250801,1.5586114823818207
732,0.19221694022417068,0.18301629275083542,0.23412754386663437,0.20013729482889175
733,0.2947475016117096,0.28342147916555405,0.2874923646450043,0.28597690910100937
734,0.4894939586520195,0.4567449614405632,0.45905181020498276,0.4728221595287323
735,1.3565371483564377,1.295356921851635,1.1937115043401718,1.3706676363945007
736,1.75185976177454,1.6950797066092491,1.7005971893668175,1.7093599289655685
737,0.7409397214651108,0.7418404296040535,0.7575836777687073,0.7378240004181862
738,1.2973101735115051,1.2894817888736725,1.2713568285107613,1.2689970582723618
739,0.4401131048798561,0.41239726543426514,0.4151346758008003,0.41013698279857635
740,1.2566270902752876,1.2871292605996132,1.2891799733042717,1.297839730978012
741,1.2533386275172234,1.4980515763163567,1.2576260194182396,1.3173064142465591
742,0.3331001102924347,0.3237760439515114,0.3692544773221016,0.34497202187776566
743,1.4469406306743622,1.4836440533399582,1.4685344323515892,1.53582364320755
744,0.7841894179582596,0.8354623392224312,0.7909392043948174,0.793081559240818
745,0.15684907138347626,0.1656600683927536,0.1590011566877365,0.1617465242743492
746,0.23887929320335388,0.22078385204076767,0.219126857817173,0.21918481588363647
747,0.17662791162729263,0.17725951224565506,0.1839299201965332,0.18235965073108673
748,0.4842308908700943,0.42510098963975906,0.42857825756073,0.5038875788450241
749,0.8482254594564438,0.8127499669790268,0.8081408217549324,0.8257821202278137
750,0.4247636944055557,0.4466886892914772,0.4537362977862358,0.404747799038887
751,0.1819681078195572,0.18432457000017166,0.187479667365551,0.1951216384768486
752,0.8043010756373405,0.7468620389699936,0.73984095454216,0.7864609137177467
753,,,,
754,0.18593575060367584,0.1863829717040062,0.20848948508501053,0.20197511464357376
755,1.517104797065258,1.4949375316500664,1.5077626332640648,1.5560055002570152
756,0.2059742733836174,0.19041193276643753,0.20593150705099106,0.19974520057439804
757,0.23264644294977188,0.1885921061038971,0.1858864575624466,0.2361765280365944
758,0.4714379757642746,0.4828653782606125,0.47005343437194824,0.48360854387283325
759,0.3172352463006973,0.29253705590963364,0.306702584028244,0.32116100937128067
760,1.1628197133541107,1.0249790772795677,1.2597681879997253,1.250033475458622
761,0.21218060702085495,0.2159673124551773,0.21693307161331177,0.21560166031122208
762,0.14471594244241714,0.1426788493990898,0.1444113552570343,0.1431824341416359
763,0.8400794640183449,0.8254080340266228,0.8160151317715645,0.8145937100052834
764,1.4807937443256378,1.4897822365164757,1.4068016558885574,1.5505241230130196
765,0.20464473962783813,0.18607618659734726,0.1887754276394844,0.19943630695343018
766,1.5227511748671532,1.4208667427301407,1.4846635609865189,1.5585843324661255
767,0.24581757187843323,0.2186267152428627,0.21244192868471146,0.23369403183460236
768,0.6305715218186378,0.6099572330713272,0.634934313595295,0.6320210099220276
769,0.20199764519929886,0.1839737817645073,0.18522639572620392,0.19223929196596146
770,0.8492348343133926,0.8065699338912964,0.7747053802013397,0.8435402885079384
771,1.470804326236248,1.481538973748684,1.3428952917456627,1.4856371358036995
772,1.3613571524620056,1.3123435601592064,1.4092785343527794,1.3153442963957787
773,0.808284617960453,0.8690371736884117,0.8525746241211891,0.8389741629362106
774,0.45364852994680405,0.5648510456085205,0.4964732527732849,0.5205425471067429
775,0.31756041944026947,0.325311504304409,0.3230690136551857,0.3227398246526718
776,0.1842292994260788,0.14189541339874268,0.14406375586986542,0.14274930208921432
777,1.214676782488823,1.1989254653453827,1.176766000688076,1.2170364260673523
778,0.28759581595659256,0.2867073714733124,0.2876994013786316,0.29931212961673737
779,0.4075034260749817,0.4224826768040657,0.4253033176064491,0.5019107162952423
780,0.881016306579113,0.840161919593811,0.8570616766810417,0.8899226263165474
781,0.18952860683202744,0.20215224474668503,0.19172360002994537,0.22217972576618195
782,0.7453103736042976,0.7589711919426918,0.7450115978717804,0.7811931744217873
783,0.7360377237200737,0.7707229033112526,0.7517495006322861,0.7776377201080322
784,1.345460169017315,1.3694744780659676,1.2381134554743767,1.2864168584346771
785,0.5099023953080177,0.44943108409643173,0.4376770853996277,0.4341634064912796
786,0.1929825022816658,0.18860269337892532,0.20651493221521378,0.2014056220650673
787,1.7535238415002823,1.7118517756462097,1.7237577214837074,1.7041504830121994
788,,,,
789,0.21622568368911743,0.2232297584414482,0.22086059302091599,0.2151278704404831
790,0.1676371917128563,0.15650194883346558,0.16176216304302216,0.17705220729112625
791,,,,
792,0.13955803215503693,0.14188311994075775,0.14460734277963638,0.14166685193777084
793,0.27812033891677856,0.27768758684396744,0.28720761090517044,0.277078315615654
794,0.17877982556819916,0.1803109347820282,0.1973072588443756,0.1804104745388031
795,0.20110342651605606,0.1958305761218071,0.18971841782331467,0.20621172338724136
796,1.2908232286572456,1.4082795605063438,1.2907274812459946,1.3545601442456245
797,0.39748966693878174,0.39635396748781204,0.3778398185968399,0.44377128779888153
798,0.17342614382505417,0.18289636075496674,0.1749306544661522,0.17787166684865952
799,0.18514204770326614,0.1873984858393669,0.19152702391147614,0.1849263310432434
800,0.7530747354030609,0.7261165753006935,0.740492545068264,0.7497871369123459
801,1.385612204670906,1.3874353989958763,1.2566593810915947,1.5149589627981186
802,0.28013549000024796,0.2790652811527252,0.2842056229710579,0.27752651274204254
803,0.7275660336017609,0.7355826571583748,0.7426730841398239,0.7399545609951019
804,0.8284250646829605,0.8315982148051262,0.8111242428421974,0.8789407163858414
805,0.8178297728300095,0.8665577471256256,0.7856880947947502,0.8159900903701782
806,1.5145215466618538,1.5626571252942085,1.3229818046092987,1.5403325408697128
807,0.896245688199997,0.8072076067328453,0.817246749997139,0.8413778245449066
808,1.575608305633068,1.5774548053741455,1.3625276386737823,1.57616026699543
809,,,,
810,0.18692319840192795,0.20611673593521118,0.18486998230218887,0.22733941674232483
811,0.6050803512334824,0.6973062604665756,0.6015714406967163,0.6891170144081116
812,1.3501997962594032,1.3982184454798698,1.2967393472790718,1.4633227735757828
813,0.3300619497895241,0.3884352818131447,0.32213787734508514,0.3180519640445709
814,0.787523664534092,0.7406378090381622,0.7407330721616745,0.7464660406112671
815,0.44858067482709885,0.46933288872241974,0.43791191279888153,0.46066074073314667
816,0.7953488230705261,0.7874505966901779,0.8233482390642166,0.8262689337134361
817,1.4050321877002716,1.405130997300148,1.3127384632825851,1.3687860518693924
818,1.5629422143101692,1.6178385391831398,1.5226526260375977,1.6215175166726112
819,1.5417287945747375,1.5768692344427109,1.5494192391633987,1.621386095881462
820,0.19379398226737976,0.1819833591580391,0.19525612890720367,0.21678601950407028
821,1.541707567870617,1.5867632180452347,1.456319898366928,1.498008519411087
822,0.14077281206846237,0.14212941378355026,0.14426854997873306,0.14889180660247803
823,0.14091812819242477,0.14177951961755753,0.14395078271627426,0.19846612960100174
824,0.6779637336730957,0.6782068237662315,0.6902688890695572,0.7239812612533569
825,1.2589693441987038,1.3186852261424065,1.3166355639696121,1.2777732461690903
826,0.2551199346780777,0.23007655888795853,0.22850866615772247,0.22539623081684113
827,1.326361507177353,1.3140192478895187,1.2995141744613647,1.2772908806800842
828,0.4793628230690956,0.5011612847447395,0.48354094475507736,0.49121977388858795
829,0.14130521565675735,0.1425396203994751,0.19940025359392166,0.14314302802085876
830,0.19694965332746506,0.1971566528081894,0.18736591190099716,0.20752999186515808
831,1.3781880885362625,1.3646449819207191,1.3833868205547333,1.3476297557353973
832,1.7815680131316185,1.7652380466461182,1.7259291037917137,1.7101000174880028
833,0.7816567271947861,0.8883370980620384,0.7865477576851845,0.8334307000041008
834,0.43740179389715195,0.4758777469396591,0.44890598952770233,0.44429492950439453
835,0.181737020611763,0.2047857940196991,0.20143646001815796,0.21768581867218018
836,0.2262064665555954,0.21286825835704803,0.1795019879937172,0.18930168449878693
837,1.3822571709752083,1.375024065375328,1.3575924560427666,1.381805181503296
838,1.7001322135329247,1.7033556997776031,1.6968712732195854,1.7433270290493965
839,0.21502231806516647,0.22149448841810226,0.22090142965316772,0.21949990093708038
840,0.14274904131889343,0.1437477320432663,0.14263200014829636,0.14184118062257767
841,0.47602739930152893,0.467018686234951,0.47768913954496384,0.49364226311445236
842,0.6349326372146606,0.6943294554948807,0.6988625079393387,0.6585909724235535
843,0.17950428277254105,0.22470715641975403,0.18236418813467026,0.18650687485933304
844,0.18757396191358566,0.21823538094758987,0.228134423494339,0.24379630386829376
845,0.7898086979985237,0.8247094377875328,0.7825046181678772,0.8060142770409584
846,0.4988989233970642,0.5050006732344627,0.5203786715865135,0.5002008453011513
847,1.137361966073513,1.476559892296791,1.3026605993509293,1.4001779556274414
848,0.41596999764442444,0.44263906031847,0.4365020841360092,0.4172952026128769
849,0.28121626377105713,0.29491832107305527,0.2825906276702881,0.28610652685165405
850,1.2374693006277084,1.2319072410464287,1.201007917523384,1.19701237231493
851,0.3265949636697769,0.31460685282945633,0.3870699256658554,0.3526779040694237
852,0.8057058155536652,0.8188315257430077,0.780050702393055,0.7764352262020111
853,0.898093692958355,0.8322471305727959,0.8188059106469154,0.8293778374791145
854,0.399963341653347,0.4027834087610245,0.40964559465646744,0.4013504758477211
855,0.33370527625083923,0.3159227594733238,0.3211723119020462,0.3212514966726303
856,0.447146475315094,0.41548673808574677,0.3967103958129883,0.43515194952487946
857,0.4762605205178261,0.47909677028656006,0.46601372212171555,0.47175538539886475
858,0.18056682497262955,0.184407040476799,0.20189597457647324,0.2041884884238243
859,1.2389676794409752,1.1896898373961449,1.2526222541928291,1.2358104661107063
860,0.18746957927942276,0.203180231153965,0.191308856010437,0.19015906006097794
861,0.14068496227264404,0.14445385336875916,0.1541384756565094,0.1576935425400734
862,1.5088823810219765,1.533670723438263,1.4816849604249,1.6055964902043343
863,0.4594557508826256,0.4808638468384743,0.4583726078271866,0.46525654941797256
864,1.4138395935297012,1.318224236369133,1.3337237536907196,1.4194058328866959
865,,,,
866,0.17586462944746017,0.18924415856599808,0.21402867138385773,0.20269572734832764
867,0.4636045917868614,0.4001612067222595,0.3850039541721344,0.44951459020376205
868,1.2878702208399773,1.3547209724783897,1.3303978815674782,1.4031357318162918
869,0.14175210893154144,0.14138084650039673,0.14414814859628677,0.15667396783828735
870,0.4513723775744438,0.44617773592472076,0.43193111568689346,0.45798318088054657
871,0.5188032910227776,0.4726664423942566,0.4549759179353714,0.4708158001303673
872,0.33429284393787384,0.28667426109313965,0.28215451538562775,0.28141554445028305
873,1.228761650621891,1.1870217323303223,1.2655825018882751,1.201610028743744
874,0.18120739609003067,0.18487747758626938,0.18592364341020584,0.19863936305046082
875,1.335797056555748,1.3348537534475327,1.314409613609314,1.368696317076683
876,0.8156259432435036,0.8233138024806976,0.800213485956192,0.8389903530478477
877,1.2935647517442703,1.375242993235588,1.3225614950060844,1.3596880361437798
878,,,,
879,0.18521033227443695,0.21828686445951462,0.1852867528796196,0.18710269033908844
880,1.4567648470401764,1.495429590344429,1.4009656682610512,1.5226809903979301
881,0.8151301741600037,0.83214271068573,0.8050553798675537,0.8284137472510338
882,0.18455994129180908,0.20942562818527222,0.17762664705514908,0.1756623536348343
883,0.8095953315496445,0.8221342265605927,0.870575301349163,0.8263957798480988
884,0.19092315435409546,0.1998341828584671,0.18353602290153503,0.20164606720209122
885,0.2830403596162796,0.2822340577840805,0.2966907173395157,0.29355906695127487
886,0.18517006933689117,0.18326939642429352,0.18826697021722794,0.18688123673200607
887,1.7244105860590935,1.6971375346183777,1.6972962617874146,1.7060460075736046
888,0.2839772626757622,0.27820487320423126,0.28397341817617416,0.30354972183704376
889,0.33364077657461166,0.32033029198646545,0.3158690705895424,0.3620629608631134
890,,,,
891,1.7045019045472145,1.6914699375629425,1.7086718678474426,1.6952492892742157
892,0.24357767403125763,0.2185627520084381,0.2698700428009033,0.249730184674263
893,0.3232509419322014,0.3596312180161476,0.32743506133556366,0.41363363713026047
894,0.335653156042099,0.3836688697338104,0.3165019750595093,0.32739564776420593
895,0.4347415417432785,0.4187181666493416,0.4544421210885048,0.4207540825009346
896,0.1871616616845131,0.18954512476921082,0.1777896136045456,0.17831876873970032
897,0.8050536066293716,0.8061506524682045,0.8115389570593834,0.8298520743846893
898,1.448920577764511,1.2331319600343704,1.4554078429937363,1.4673768430948257
899,0.4176841601729393,0.4593716114759445,0.40034209191799164,0.456956684589386
900,0.21132513880729675,0.21443558484315872,0.22066136449575424,0.22404631972312927
901,0.7791346684098244,0.8642622977495193,0.7807920724153519,0.8104176074266434
902,0.32196685671806335,0.32861103117465973,0.3247043788433075,0.3206949159502983
903,0.8554613515734673,0.9003836885094643,0.8312793672084808,0.8483100011944771
904,0.19223862141370773,0.19823894649744034,0.19597139954566956,0.22291846573352814
905,0.21516991406679153,0.23561237007379532,0.2180279865860939,0.2113119214773178
906,0.17809586971998215,0.21658024191856384,0.1893421784043312,0.19530727714300156
907,0.3161711022257805,0.31888797879219055,0.3419701084494591,0.332383893430233
908,0.8132401704788208,0.7790178805589676,0.8118372708559036,0.8129220902919769
909,0.41960372030735016,0.38792190700769424,0.4337073564529419,0.3978854715824127
910,0.6220476478338242,0.627249114215374,0.6370605602860451,0.6154825091362
911,0.1982928141951561,0.1745632439851761,0.1736043244600296,0.17761116474866867
912,1.3654910326004028,1.4055575802922249,1.4009034782648087,1.3267167881131172
913,1.4729287028312683,1.3759375736117363,1.572511501610279,1.4955755025148392
914,0.4521382749080658,0.45722494274377823,0.5180095136165619,0.5060510709881783
915,1.4891957715153694,1.5131113156676292,1.5050454884767532,1.4955047592520714
916,0.44249455630779266,0.39908652752637863,0.40371955931186676,0.437438040971756
917,0.4063294976949692,0.42133282124996185,0.4210744798183441,0.4695078581571579
918,1.40046064555645,1.5845353081822395,1.5919421911239624,1.5837516486644745
919,1.576338291168213,1.5588523149490356,1.5175129920244217,1.482620932161808
920,1.539475329220295,1.5490557923913002,1.5538702681660652,1.5298296064138412
921,0.27739038318395615,0.2899545282125473,0.30507561564445496,0.2828352227807045
922,1.3505813479423523,1.2421128749847412,1.1991506516933441,1.2876546680927277
923,1.2979711592197418,1.3063627555966377,1.2469204142689705,1.3849469721317291
924,1.5080443993210793,1.5682533457875252,1.5220224782824516,1.249128796160221
925,0.7362977564334869,0.7670179903507233,0.8153252229094505,0.7802545353770256
926,1.2969159930944443,1.293761283159256,1.2914298996329308,1.3189043551683426
927,0.6968328580260277,0.7237745150923729,0.716139517724514,0.697241522371769
928,1.3883528113365173,1.3915907964110374,1.4191768020391464,1.3317459300160408
929,0.31998342275619507,0.33326849341392517,0.3280416503548622,0.32317886501550674
930,0.2848592773079872,0.35625412315130234,0.3612228035926819,0.28672947734594345
931,0.15646398812532425,0.2063220664858818,0.17257053405046463,0.15816549211740494
932,1.6995627135038376,1.744382731616497,1.6986599192023277,1.7163438946008682
933,1.7381468191742897,1.7284938097000122,1.7034758180379868,1.7085231840610504
934,0.3356113061308861,0.32530878484249115,0.35647156834602356,0.3189580887556076
935,0.7329204976558685,0.7428682669997215,0.7424213886260986,0.7714238986372948
936,0.2132316753268242,0.2216111496090889,0.2659560516476631,0.24419262260198593
937,0.4988737851381302,0.5071140602231026,0.47035137563943863,0.4783007428050041
938,0.1733105555176735,0.17926796525716782,0.20862434059381485,0.21018458902835846
939,1.2846791595220566,1.231200784444809,1.2899329587817192,1.1886103227734566
940,,,,
941,0.7894153073430061,0.8075361996889114,0.790384016931057,0.8352708369493484
942,0.735648937523365,0.7582618743181229,0.7470150589942932,0.7430657371878624
943,0.793548509478569,0.8173479363322258,0.839041993021965,0.8329019844532013
944,0.21037429571151733,0.1906256079673767,0.2107793241739273,0.1882316619157791
945,0.7719611376523972,0.8061134070158005,0.8034308031201363,0.8071303144097328
946,1.355628915131092,1.4241059124469757,1.3171388357877731,1.334955871105194
947,0.1827353984117508,0.18430229276418686,0.18538141250610352,0.18922948837280273
948,0.17877206206321716,0.17763399332761765,0.2185521498322487,0.17657040059566498
949,,,,
950,0.20086784660816193,0.1879740059375763,0.19004834443330765,0.18499865382909775
951,0.7552743479609489,0.7904229238629341,0.8058963418006897,0.7645315080881119
952,0.23250482231378555,0.23260578513145447,0.2490013763308525,0.228711798787117
953,1.2994835898280144,1.1490965783596039,1.1868235617876053,1.2411538287997246
954,1.3410626128315926,1.3342575132846832,1.3757227286696434,1.3723220154643059
955,0.5620112419128418,0.4690391942858696,0.5230240672826767,0.4683214798569679
956,0.45627428591251373,0.4689686894416809,0.472927987575531,0.521924614906311
957,0.46378861367702484,0.41278985142707825,0.416837714612484,0.4415135532617569
958,0.18885111808776855,0.18139412254095078,0.2129361778497696,0.1815473958849907
959,1.4618703871965408,1.5322960764169693,1.4578253701329231,1.522148720920086
960,0.7372021079063416,0.7313331365585327,0.7388853207230568,0.7463516891002655
961,0.21494315564632416,0.22381743788719177,0.23901385068893433,0.243418850004673
962,0.1867041066288948,0.22906237095594406,0.196088969707489,0.18944767862558365
963,0.14175257086753845,0.17678482085466385,0.14359241724014282,0.14581526815891266
964,1.2720603719353676,1.3490403145551682,1.3023323491215706,1.1425911784172058
965,0.5953748226165771,0.6433222144842148,0.7328212112188339,0.6605245769023895
966,0.19947078824043274,0.18228092789649963,0.17305272817611694,0.18048575520515442
967,0.7402672544121742,0.7531659230589867,0.7400528639554977,0.7503000125288963
968,0.4824633374810219,0.4567120000720024,0.45352353900671005,0.4461392015218735
969,,,,
970,1.269678846001625,1.291246272623539,1.327382668852806,1.3073758780956268
971,0.2280612587928772,0.21652866154909134,0.22055824100971222,0.2478591352701187
972,0.18712686747312546,0.16092230379581451,0.17006145417690277,0.1781233847141266
973,0.45920049399137497,0.43269119411706924,0.44303613901138306,0.44306036084890366
974,1.3250513970851898,1.2859770059585571,1.410294957458973,1.4155329540371895
975,0.14499671012163162,0.14176589250564575,0.20557940006256104,0.14330936968326569
976,0.41500457376241684,0.4443037062883377,0.4163969159126282,0.4961554631590843
977,0.60996263474226,0.6907470375299454,0.6100172325968742,0.7999705746769905
978,0.4859767034649849,0.5133517310023308,0.4768570512533188,0.4893805608153343
979,1.7220714688301086,1.697155199944973,1.7051874622702599,1.7125981450080872
980,0.4437653124332428,0.49209604412317276,0.44581424444913864,0.4417625516653061
981,0.1855190396308899,0.1758103147149086,0.1921183094382286,0.18059735745191574
982,1.3017744347453117,1.2737441509962082,1.4423765912652016,1.4721816331148148
983,1.3322167545557022,1.2729176729917526,1.3010192662477493,1.3124079778790474
984,0.4005296304821968,0.49445001035928726,0.45172493904829025,0.3974912762641907
985,0.7306602150201797,0.7363655269145966,0.7480490282177925,0.7337773442268372
986,0.3271743804216385,0.3226277232170105,0.36781322956085205,0.3894043043255806
987,1.3645751997828484,1.3357825949788094,1.37126025557518,1.3397408872842789
988,1.2102426290512085,1.2619575932621956,1.2568110451102257,1.2674427181482315
989,0.6842088401317596,0.6678517386317253,0.7120638266205788,0.8049247115850449
990,0.8045166581869125,0.8278979584574699,0.7985566332936287,0.8493953570723534
991,0.21564187854528427,0.19020897895097733,0.21790897101163864,0.18976441770792007
992,0.4943215847015381,0.5271574780344963,0.46373307704925537,0.519365631043911
993,0.2159450501203537,0.2465175837278366,0.2189578413963318,0.21905219554901123
994,0.6725379228591919,0.6551613807678223,0.6166378930211067,0.6895800232887268
995,0.21450598537921906,0.2536599040031433,0.2177990972995758,0.27486833184957504
996,0.24115625768899918,0.18173125386238098,0.21724049746990204,0.1941797137260437
997,0.29879601299762726,0.28909848630428314,0.2809111848473549,0.2870333194732666
998,,,,
999,0.2916863262653351,0.2888852506875992,0.3126583620905876,0.29258307814598083
