query_id,query_length,num_tables,num_joins,query_depth,complexity_score,has_aggregates,has_group_by,has_order_by,has_limit,has_distinct,has_window_functions,has_outer_joins,estimated_join_complexity,has_subqueries,has_correlated_subqueries,has_large_tables,all_tables_small,has_complex_expressions,has_user_functions,has_text_operations,has_numeric_heavy_ops,num_aggregate_funcs,analytical_pattern,transactional_pattern,etl_pattern,command_type,pg_time_ms,duck_time_ms,best_engine
5892318442026647088,413,4,3,1,4,1,1,0,1,0,0,0,6,0,0,0,0,0,0,0,0,3,1,0,0,0,-1,-1,unknown
1,539,2,1,1,5,1,1,0,0,0,0,1,2,0,0,0,0,0,0,0,0,1,1,0,0,0,-1,-1,unknown
2,427,1,0,1,4,1,1,0,0,0,0,0,0,0,0,0,0,0,0,1,0,1,1,1,0,0,-1,-1,unknown
3,444,2,1,1,4,1,0,0,0,0,0,0,2,0,0,0,0,0,0,0,0,2,0,0,0,0,-1,-1,unknown
4,255,2,1,1,2,1,1,0,0,0,0,0,2,0,0,0,0,0,0,0,0,5,1,0,0,0,-1,-1,unknown
5,540,5,4,1,5,1,1,1,0,0,0,0,8,0,0,0,0,0,0,0,0,3,1,0,0,0,-1,-1,unknown
6,379,5,4,1,3,0,1,1,0,0,0,0,8,0,0,0,0,0,0,0,0,0,1,0,0,0,-1,-1,unknown
7,287,3,2,1,2,1,1,0,0,0,0,0,4,0,0,0,0,0,0,1,0,2,1,0,0,0,-1,-1,unknown
8,363,2,1,1,3,1,0,0,0,0,0,0,2,0,0,0,0,0,0,1,0,2,1,0,0,0,-1,-1,unknown
9,521,4,3,1,5,1,1,0,1,0,0,0,6,0,0,0,0,0,0,0,0,1,1,0,0,0,-1,-1,unknown
7385232686530462481,413,4,3,1,4,1,1,0,1,0,0,0,6,0,0,0,0,0,0,0,0,3,1,0,0,0,410.91889701783657,103.7485389970243,duckdb
1,539,2,1,1,5,1,1,0,0,0,0,1,2,0,0,0,0,0,0,0,0,1,1,0,0,0,-1,-1,unknown
2,427,1,0,1,4,1,1,0,0,0,0,0,0,0,0,0,0,0,0,1,0,1,1,1,0,0,3.814785974100232,14.958788000512868,postgres
3,444,2,1,1,4,1,0,0,0,0,0,0,2,0,0,0,0,0,0,0,0,2,0,0,0,0,443.36865603690967,245.49751996528357,duckdb
4,255,2,1,1,2,1,1,0,0,0,0,0,2,0,0,0,0,0,0,0,0,5,1,0,0,0,-1,-1,unknown
-4739625178091160869,413,4,3,1,4,1,1,0,1,0,0,0,6,0,0,0,0,0,0,0,0,3,1,0,0,0,349.60801602574065,72.94034701772034,duckdb
1,539,2,1,1,5,1,1,0,0,0,0,1,2,0,0,0,0,0,0,0,0,1,1,0,0,0,-1,-1,unknown
2,427,1,0,1,4,1,1,0,0,0,0,0,0,0,0,0,0,0,0,1,0,1,1,1,0,0,1.0619870154187083,14.934090024325997,postgres
3,444,2,1,1,4,1,0,0,0,0,0,0,2,0,0,0,0,0,0,0,0,2,0,0,0,0,75.03669802099466,266.18089398834854,postgres
4,255,2,1,1,2,1,1,0,0,0,0,0,2,0,0,0,0,0,0,0,0,5,1,0,0,0,-1,-1,unknown
5,540,5,4,1,5,1,1,1,0,0,0,0,8,0,0,0,0,0,0,0,0,3,1,0,0,0,22439.541723986622,2120.5710460199043,duckdb
6,379,5,4,1,3,0,1,1,0,0,0,0,8,0,0,0,0,0,0,0,0,0,1,0,0,0,-1,-1,unknown
7,287,3,2,1,2,1,1,0,0,0,0,0,4,0,0,0,0,0,0,1,0,2,1,0,0,0,1.8381050322204828,24.029331980273128,postgres
8,363,2,1,1,3,1,0,0,0,0,0,0,2,0,0,0,0,0,0,1,0,2,1,0,0,0,-1,-1,unknown
9,521,4,3,1,5,1,1,0,1,0,0,0,6,0,0,0,0,0,0,0,0,1,1,0,0,0,-1,-1,unknown
10,389,5,4,1,3,1,0,0,0,0,0,0,8,0,0,0,0,0,0,1,0,1,0,0,0,0,-1,-1,unknown
11,675,4,3,1,6,1,0,0,1,0,0,0,6,0,0,0,0,0,0,1,0,3,1,0,0,0,12.015250977128744,39.089300960768014,postgres
12,469,4,3,1,4,1,1,1,0,0,0,0,6,0,0,0,0,0,0,1,0,4,1,0,0,0,7.823952997568995,33.01533003104851,postgres
13,414,3,2,1,4,0,0,0,0,0,0,0,4,0,0,0,0,0,0,1,0,0,0,0,0,0,-1,-1,unknown
14,209,1,0,1,2,1,0,0,0,0,0,0,0,0,0,0,0,0,0,1,0,2,0,1,0,0,0.3611060092225671,11.68644498102367,postgres
15,521,2,1,1,5,1,1,1,0,0,0,0,2,0,0,0,0,0,0,1,0,2,1,0,0,0,-1,-1,unknown
16,542,3,2,1,5,1,1,0,0,0,0,1,4,0,0,0,0,0,0,0,0,4,1,0,0,0,-1,-1,unknown
17,359,5,4,1,3,1,0,1,0,0,0,0,8,0,0,0,0,0,0,0,0,4,1,0,0,0,-1,-1,unknown
18,487,2,1,1,4,1,0,0,0,0,0,0,2,0,0,0,0,0,0,1,0,3,1,0,0,0,-1,-1,unknown
19,261,1,0,1,2,1,0,1,0,0,0,0,0,0,0,0,0,0,0,0,0,2,0,1,0,0,-1,-1,unknown
20,149,2,1,1,1,1,0,1,0,0,0,0,2,0,0,0,0,0,0,0,0,4,0,0,0,0,12.185296975076199,23.036376980599016,postgres
21,616,2,1,1,6,1,1,1,1,0,0,0,2,0,0,0,0,0,0,0,0,2,1,0,0,0,-1,-1,unknown
22,464,2,1,1,4,1,1,0,0,0,0,0,2,0,0,0,0,0,0,1,0,2,1,0,0,0,1.1677820002660155,21.29827201133594,postgres
23,470,3,2,1,4,1,1,1,0,0,0,0,4,0,0,0,0,0,0,1,0,4,1,0,0,0,-1,-1,unknown
24,584,4,3,1,5,0,0,0,0,0,0,0,6,0,0,0,0,0,0,0,0,0,0,0,0,0,129.25145402550697,146.05108799878508,postgres
25,465,4,3,1,4,1,1,0,1,0,0,0,6,0,0,0,0,0,0,1,0,1,1,0,0,0,-1,-1,unknown
26,380,2,1,1,3,1,0,0,1,0,0,0,2,0,0,0,0,0,0,1,0,3,1,0,0,0,0.4117370117455721,20.32788301585242,postgres
27,350,4,3,1,3,1,0,0,1,0,0,0,6,0,0,0,0,0,0,0,0,1,0,0,0,0,-1,-1,unknown
28,154,1,0,1,1,1,0,0,1,0,0,0,0,0,0,0,0,0,0,0,0,1,0,1,0,0,0.25128998095169663,2.1784949931316078,postgres
29,564,5,4,1,5,1,0,1,0,0,0,1,8,0,0,0,0,0,0,1,0,4,0,0,0,0,1.164971967227757,3.0141539755277336,postgres
30,436,5,4,1,4,1,0,0,0,0,0,0,8,0,0,0,0,0,0,1,0,4,0,0,0,0,-1,-1,unknown
31,245,1,0,1,2,0,0,0,0,0,0,0,0,0,0,0,0,0,0,0,0,0,0,1,0,0,-1,-1,unknown
32,167,1,0,1,1,1,0,0,1,0,0,0,0,0,0,0,0,0,0,1,0,1,0,1,0,0,0.3343669814057648,11.514505022205412,postgres
33,513,5,4,1,5,1,1,0,0,0,0,0,8,0,0,0,0,0,0,0,0,3,1,0,0,0,-1,-1,unknown
34,308,5,4,1,3,1,0,0,0,0,0,0,8,0,0,0,0,0,0,0,0,4,0,0,0,0,-1,-1,unknown
35,690,5,4,1,6,1,1,1,0,0,0,1,8,0,0,0,0,0,0,0,0,1,1,0,0,0,101.83095699176192,196.78925996413454,postgres
36,147,3,2,1,1,1,0,1,0,0,0,0,4,0,0,0,0,0,0,1,0,2,0,0,0,0,6025.767792016268,58.77085204701871,duckdb
37,330,5,4,1,3,1,0,1,0,0,0,0,8,0,0,0,0,0,0,0,0,4,0,0,0,0,-1,-1,unknown
38,418,4,3,1,4,1,0,0,1,0,0,0,6,0,0,0,0,0,0,1,0,4,0,0,0,0,0.5352660082280636,36.19414597051218,postgres
39,639,2,1,1,6,1,1,0,0,0,0,0,2,0,0,0,0,0,0,1,0,1,1,0,0,0,1.6860730247572064,23.17248994950205,postgres
40,717,4,3,1,7,1,0,0,1,0,0,1,6,0,0,0,0,0,0,1,0,2,1,0,0,0,15.811688033863902,13.33484798669815,duckdb
41,745,4,3,1,7,1,1,1,1,0,0,0,6,0,0,0,0,0,0,1,0,5,1,0,0,0,0.48706302186474204,22.92392001254484,postgres
42,135,1,0,1,1,1,0,1,0,0,0,0,0,0,0,0,0,0,0,0,0,3,1,0,0,0,0.5344520322978497,12.62935099657625,postgres
43,264,1,0,1,2,1,0,0,0,0,0,0,0,0,0,0,0,0,0,1,0,1,0,1,0,0,-1,-1,unknown
44,455,4,3,1,4,1,1,0,1,0,0,0,6,0,0,0,0,0,0,0,0,4,1,0,0,0,-1,-1,unknown
45,245,3,2,1,2,1,1,0,0,0,0,0,4,0,0,0,0,0,0,0,0,1,1,0,0,0,-1,-1,unknown
46,88,1,0,1,0,1,0,0,0,0,0,0,0,0,0,0,0,0,0,0,0,1,0,1,0,0,0.2736299647949636,11.134897009469569,postgres
47,231,3,2,1,2,1,0,0,0,0,0,0,4,0,0,0,0,0,0,0,0,3,0,0,0,0,-1,15152.579902962316,unknown
48,518,5,4,1,5,1,0,1,0,0,0,0,8,0,0,0,0,0,0,1,0,4,1,0,0,0,-1,-1,unknown
49,327,1,0,1,3,1,1,0,0,0,0,0,0,0,0,0,0,0,0,0,0,3,1,1,0,0,0.4515729960985482,13.57701001688838,postgres
50,423,4,3,1,4,1,1,1,0,0,0,0,6,0,0,0,0,0,0,1,0,4,1,0,0,0,0.7669139886274934,33.756207034457475,postgres
51,350,2,1,1,3,1,1,0,0,0,0,0,2,0,0,0,0,0,0,1,0,1,1,0,0,0,0.504249008372426,23.037984035909176,postgres
52,375,3,2,1,3,1,1,1,1,0,0,0,4,0,0,0,0,0,0,0,0,3,1,0,0,0,18.427435017656535,26.732844999060035,postgres
53,458,5,4,1,4,1,1,0,0,0,0,0,8,0,0,0,0,0,0,1,0,4,1,0,0,0,0.5629550432786345,59.291652985848486,postgres
54,331,2,1,1,3,1,0,1,0,0,0,0,2,0,0,0,0,0,0,1,0,4,0,0,0,0,0.3863199963234365,22.366308025084436,postgres
55,303,1,0,1,3,1,0,0,0,0,0,0,0,0,0,0,0,0,0,1,0,1,0,1,0,0,0.29212096706032753,2.313020988367498,postgres
56,373,5,4,1,3,1,0,0,1,0,0,0,8,0,0,0,0,0,0,0,0,5,0,0,0,0,-1,-1,unknown
57,376,1,0,1,3,1,1,1,0,0,0,0,0,0,0,0,0,0,0,0,0,5,1,1,0,0,0.38657902041450143,13.779302011243999,postgres
58,1001,5,4,1,10,1,0,1,0,0,0,1,8,0,0,0,0,0,0,1,0,4,0,0,0,0,-1,-1,unknown
59,384,2,1,1,3,1,0,0,0,0,0,0,2,0,0,0,0,0,0,1,0,1,1,0,0,0,0.4360070452094078,21.943765983451158,postgres
60,201,3,2,1,2,1,1,0,1,0,0,0,4,0,0,0,0,0,0,0,0,2,1,0,0,0,0.7527540437877178,21.708759013563395,postgres
61,520,4,3,1,5,1,0,1,0,0,0,0,6,0,0,0,0,0,0,1,0,4,0,0,0,0,-1,-1,unknown
62,609,5,4,1,6,1,1,0,0,0,0,0,8,0,0,0,0,0,0,1,0,4,1,0,0,0,1.1131750070489943,41.839073004666716,postgres
63,437,4,3,1,4,1,0,0,0,0,0,0,6,0,0,0,0,0,0,1,0,1,0,0,0,0,-1,-1,unknown
64,536,4,3,1,5,1,1,1,0,0,0,0,6,0,0,0,0,0,0,0,0,3,1,0,0,0,0.4665579763241112,28.203362016938627,postgres
65,1092,4,3,1,10,1,1,0,0,0,0,1,6,0,0,0,0,0,0,0,0,3,1,0,0,0,-1,-1,unknown
66,510,1,0,1,5,1,1,0,1,0,0,0,0,0,0,0,0,0,0,1,0,2,1,1,0,0,-1,-1,unknown
67,465,1,0,1,4,1,1,0,0,0,0,0,0,0,0,0,0,0,0,1,0,5,1,1,0,0,3.0048860353417695,13.281084946356714,postgres
68,589,4,3,1,5,1,1,0,1,0,0,0,6,0,0,0,0,0,0,0,0,4,1,0,0,0,0.7694119703955948,32.16154995607212,postgres
69,339,1,0,1,3,1,0,1,1,0,0,0,0,0,0,0,0,0,0,0,0,3,0,1,0,0,-1,-1,unknown
70,208,1,0,1,2,1,1,1,0,0,0,0,0,0,0,0,0,0,0,0,0,3,1,1,0,0,0.3817160031758249,12.832541018724442,postgres
71,345,3,2,1,3,1,0,0,1,0,0,0,4,0,0,0,0,0,0,1,0,1,0,0,0,0,-1,-1,unknown
72,324,1,0,1,3,1,0,0,0,0,0,0,0,0,0,0,0,0,0,1,0,1,0,1,0,0,-1,-1,unknown
73,523,3,2,1,5,1,1,0,1,0,0,0,4,0,0,0,0,0,0,0,0,6,1,0,0,0,-1,1374.8471370199695,unknown
74,399,5,4,1,3,1,1,0,0,0,0,0,8,0,0,0,0,0,0,0,0,3,1,0,0,0,1.7487129662185907,35.87596898432821,postgres
75,641,4,3,1,6,1,0,1,0,0,0,0,6,0,0,0,0,0,0,1,0,3,0,0,0,0,83.35145603632554,81.3081000233069,duckdb
76,273,3,2,1,2,1,0,1,0,0,0,0,4,0,0,0,0,0,0,1,0,2,0,0,0,0,-1,-1,unknown
77,473,3,2,1,4,1,1,1,0,0,0,0,4,0,0,0,0,0,0,1,0,3,1,0,0,0,0.9438759880140424,24.616437032818794,postgres
78,367,2,1,1,3,1,0,0,0,0,0,0,2,0,0,0,0,0,0,0,0,1,0,0,0,0,0.46559202019125223,2.798139990773052,postgres
79,355,2,1,1,3,1,0,1,1,0,0,0,2,0,0,0,0,0,0,1,0,6,1,0,0,0,1.246810017619282,23.17878697067499,postgres
80,435,3,2,1,4,1,0,0,1,0,0,0,4,0,0,0,0,0,0,0,0,3,0,0,0,0,0.4055679892189801,2.8241690015420318,postgres
81,742,5,4,1,7,1,1,1,0,0,0,0,8,0,0,0,0,0,0,1,0,2,1,0,0,0,-1,-1,unknown
82,411,2,1,1,4,0,0,0,1,0,0,0,2,0,0,0,0,0,0,0,0,0,0,0,0,0,-1,-1,unknown
83,247,4,3,1,2,1,1,0,1,0,0,0,6,0,0,0,0,0,0,0,0,1,1,0,0,0,0.36707299295812845,23.925678979139775,postgres
84,568,3,2,1,5,1,1,0,1,0,0,0,4,0,0,0,0,0,0,0,0,2,1,0,0,0,0.5048110033385456,27.335078979376704,postgres
85,433,2,1,1,4,1,0,1,0,0,0,0,2,0,0,0,0,0,0,1,0,2,1,0,0,0,0.4024420049972832,13.564802007749677,postgres
86,329,1,0,1,3,1,1,1,1,0,0,0,0,0,0,0,0,0,0,1,0,1,1,1,0,0,0.4007330280728638,12.973238015547395,postgres
87,331,2,1,1,3,1,1,0,0,0,0,0,2,0,0,0,0,0,0,1,0,1,1,0,0,0,0.620185979641974,21.02458302397281,postgres
88,407,4,3,1,4,1,1,1,1,0,0,0,6,0,0,0,0,0,0,0,0,3,1,0,0,0,-1,-1,unknown
89,162,1,0,1,1,1,1,0,0,0,0,0,0,0,0,0,0,0,0,0,0,3,1,0,0,0,0.36436901427805424,1.7914279596880078,postgres
90,466,2,1,1,4,1,0,0,0,0,0,0,2,0,0,0,0,0,0,0,0,3,0,0,0,0,-1,-1,unknown
91,663,1,0,1,6,1,1,0,1,0,0,0,0,0,0,0,0,0,0,1,0,1,1,1,0,0,113.63793700002134,102.57170599652454,duckdb
92,549,4,3,1,5,1,1,0,1,0,0,0,6,0,0,0,0,0,0,1,0,6,1,0,0,0,3219.78395502083,131.5679699764587,duckdb
93,676,4,3,1,6,1,0,1,1,0,0,1,6,0,0,0,0,0,0,0,0,4,0,0,0,0,108.00048697274178,198.0774219846353,postgres
94,416,5,4,1,4,0,0,0,1,0,0,0,8,0,0,0,0,0,0,1,0,0,0,0,0,0,-1,-1,unknown
95,271,5,4,1,2,1,0,1,0,0,0,0,8,0,0,0,0,0,0,0,0,2,0,0,0,0,2311.0847449861467,333.18339800462127,duckdb
96,498,3,2,1,4,1,1,1,0,0,0,0,4,0,0,0,0,0,0,0,0,1,1,0,0,0,0.4935949691571295,2.983870974276215,postgres
97,87,2,1,1,0,1,0,0,1,0,0,0,2,0,0,0,0,0,0,0,0,1,0,0,0,0,0.3716619685292244,19.25649296026677,postgres
98,691,3,2,1,6,1,0,1,0,0,0,1,4,0,0,0,0,0,0,1,0,4,1,0,0,0,59.3661519815214,69.2293900065124,postgres
99,459,4,3,1,4,1,0,1,1,0,0,0,6,0,0,0,0,0,0,0,0,3,1,0,0,0,130.6811219546944,42.11660899454728,duckdb
100,621,2,1,1,6,1,1,0,0,0,0,0,2,0,0,0,0,0,0,0,0,2,1,0,0,0,-1,-1,unknown
101,509,5,4,1,5,1,0,1,1,0,0,0,8,0,0,0,0,0,0,1,0,5,1,0,0,0,-1,-1,unknown
102,355,2,1,1,3,1,0,0,0,0,0,0,2,0,0,0,0,0,0,0,0,3,0,0,0,0,4.148627980612218,21.5090709971264,postgres
103,550,4,3,1,5,1,1,1,1,0,0,0,6,0,0,0,0,0,0,0,0,4,1,0,0,0,-1,-1,unknown
104,126,1,0,1,1,0,1,1,0,0,0,0,0,0,0,0,0,0,0,0,0,0,1,0,0,0,-1,-1,unknown
105,527,5,4,1,5,1,1,0,0,0,0,0,8,0,0,0,0,0,0,1,0,4,1,0,0,0,-1,-1,unknown
106,225,4,3,1,2,1,0,1,1,0,0,0,6,0,0,0,0,0,0,0,0,1,0,0,0,0,512.067707022652,106.33564396994188,duckdb
107,629,2,1,1,6,1,0,0,0,0,0,1,2,0,0,0,0,0,0,0,0,3,1,0,0,0,152.68508502049372,161.65119200013578,postgres
108,341,2,1,1,3,1,1,1,1,0,0,0,2,0,0,0,0,0,0,0,0,4,1,0,0,0,-1,-1,unknown
109,379,3,2,1,3,1,1,0,0,0,0,0,4,0,0,0,0,0,0,0,0,4,1,0,0,0,-1,-1,unknown
110,252,4,3,1,2,1,0,0,0,0,0,0,6,0,0,0,0,0,0,0,0,3,0,0,0,0,6.91366201499477,28.27726601390168,postgres
111,399,2,1,1,3,1,1,0,0,0,0,0,2,0,0,0,0,0,0,0,0,2,1,0,0,0,0.4294560058042407,22.958002984523773,postgres
112,594,4,3,1,5,1,0,0,0,0,0,1,6,0,0,0,0,0,0,1,0,2,0,0,0,0,-1,-1,unknown
113,153,1,0,1,1,1,0,1,0,0,0,0,0,0,0,0,0,0,0,1,0,2,0,1,0,0,-1,-1,unknown
114,580,2,1,1,5,1,0,1,1,0,0,1,2,0,0,0,0,0,0,1,0,2,1,0,0,0,74.05174599261954,201.2842379626818,postgres
115,473,3,2,1,4,0,1,0,0,0,0,0,4,0,0,0,0,0,0,1,0,0,1,0,0,0,-1,-1,unknown
116,558,5,4,1,5,1,1,1,0,0,0,0,8,0,0,0,0,0,0,1,0,2,1,0,0,0,-1,-1,unknown
117,718,2,1,1,7,1,0,1,0,0,0,0,2,0,0,0,0,0,0,0,0,2,0,0,0,0,-1,-1,unknown
118,384,2,1,1,3,1,1,1,0,0,0,0,2,0,0,0,0,0,0,1,0,3,1,0,0,0,47.74150805315003,29.897998028900474,duckdb
119,472,3,2,1,4,1,1,0,1,0,0,0,4,0,0,0,0,0,0,1,0,2,1,0,0,0,0.46290899626910686,33.36403996217996,postgres
120,373,5,4,1,3,1,0,0,0,0,0,0,8,0,0,0,0,0,0,0,0,1,1,0,0,0,-1,-1,unknown
121,274,1,0,1,2,1,1,1,0,0,0,0,0,0,0,0,0,0,0,0,0,1,1,1,0,0,0.3876620321534574,14.60608997149393,postgres
122,498,5,4,1,4,1,1,1,0,0,0,0,8,0,0,0,0,0,0,1,0,3,1,0,0,0,-1,-1,unknown
123,183,1,0,1,1,1,0,1,1,0,0,0,0,0,0,0,0,0,0,0,0,1,0,1,0,0,-1,-1,unknown
124,133,3,2,1,1,1,0,1,0,0,0,0,4,0,0,0,0,0,0,0,0,2,0,0,0,0,1216.4800059981644,31.867169949691743,duckdb
125,266,2,1,1,2,1,0,1,0,0,0,0,2,0,0,0,0,0,0,1,0,5,0,0,0,0,0.42999000288546085,21.172136010136455,postgres
126,462,5,4,1,4,1,1,1,0,0,0,0,8,0,0,0,0,0,0,1,0,3,1,0,0,0,-1,-1,unknown
127,801,1,0,1,8,1,0,0,0,0,0,0,0,0,0,0,0,0,0,1,0,4,0,1,0,0,-1,-1,unknown
128,222,2,1,1,2,1,0,0,0,0,0,0,2,0,0,0,0,0,0,0,0,3,1,0,0,0,0.37784501910209656,24.316038005053997,postgres
129,291,5,4,1,2,1,1,0,0,0,0,0,8,0,0,0,0,0,0,1,0,2,1,0,0,0,-1,-1,unknown
130,566,5,4,1,5,1,1,0,0,0,0,0,8,0,0,0,0,0,0,1,0,3,1,0,0,0,1.6554479952901602,47.430241014808416,postgres
131,340,3,2,1,3,1,1,0,1,0,0,0,4,0,0,0,0,0,0,1,0,4,1,0,0,0,3579.9177840235643,452.2840260178782,duckdb
132,359,4,3,1,3,1,1,1,0,0,0,0,6,0,0,0,0,0,0,1,0,2,1,0,0,0,47.845112974755466,40.2935299789533,duckdb
133,597,4,3,1,5,1,0,1,0,0,0,0,6,0,0,0,0,0,0,1,0,2,0,0,0,0,-1,-1,unknown
134,217,4,3,1,2,1,0,0,0,0,0,0,6,0,0,0,0,0,0,0,0,4,0,0,0,0,4223.182205983903,122.14369600405917,duckdb
135,631,3,2,1,6,1,1,0,1,0,0,1,4,0,0,0,0,0,0,0,0,1,1,0,0,0,-1,-1,unknown
136,505,5,4,1,5,1,1,0,0,0,0,1,8,0,0,0,0,0,0,1,0,2,1,0,0,0,-1,-1,unknown
137,503,1,0,1,5,1,1,0,0,0,0,0,0,0,0,0,0,0,0,1,0,4,1,1,0,0,10.463267972227186,18.0015160003677,postgres
138,205,2,1,1,2,1,1,0,0,0,0,0,2,0,0,0,0,0,0,1,0,1,1,0,0,0,0.5547429900616407,1.7145780147984624,postgres
139,361,1,0,1,3,1,1,0,1,0,0,0,0,0,0,0,0,0,0,1,0,3,1,1,0,0,0.39740203646942973,12.1576469973661,postgres
140,264,1,0,1,2,1,1,0,0,0,0,0,0,0,0,0,0,0,0,0,0,2,1,1,0,0,3.147763025481254,16.29694300936535,postgres
141,558,5,4,1,5,1,0,1,1,0,0,1,8,0,0,0,0,0,0,0,0,5,0,0,0,0,-1,-1,unknown
142,482,5,4,1,4,1,1,0,0,0,0,1,8,0,0,0,0,0,0,0,0,1,1,0,0,0,-1,-1,unknown
143,197,2,1,1,1,1,0,0,0,0,0,0,2,0,0,0,0,0,0,1,0,2,1,0,0,0,2264.684614026919,954.2497079819441,duckdb
144,340,4,3,1,3,1,1,1,0,0,0,0,6,0,0,0,0,0,0,0,0,4,1,0,0,0,-1,-1,unknown
145,228,4,3,1,2,1,0,1,0,0,0,0,6,0,0,0,0,0,0,0,0,2,0,0,0,0,-1,18249.87684498774,unknown
146,250,2,1,1,2,1,0,1,0,0,0,0,2,0,0,0,0,0,0,1,0,2,1,0,0,0,0.3832119982689619,20.78277396503836,postgres
147,438,5,4,1,4,1,1,0,0,0,0,0,8,0,0,0,0,0,0,1,0,3,1,0,0,0,-1,-1,unknown
148,423,4,3,1,4,1,1,0,1,0,0,0,6,0,0,0,0,0,0,1,0,3,1,0,0,0,0.5734090227633715,25.157099007628858,postgres
149,497,1,0,1,4,1,0,0,0,0,0,0,0,0,0,0,0,0,0,1,0,3,1,1,0,0,2.369989000726491,19.200160983018577,postgres
150,397,3,2,1,3,1,1,0,0,0,0,0,4,0,0,0,0,0,0,1,0,3,1,0,0,0,7.791562005877495,32.756972999777645,postgres
151,538,4,3,1,5,1,1,1,1,0,0,0,6,0,0,0,0,0,0,1,0,5,1,0,0,0,0.5382800009101629,3.630715946201235,postgres
152,386,4,3,1,3,1,0,1,0,0,0,0,6,0,0,0,0,0,0,1,0,5,0,0,0,0,0.41157903615385294,24.573290022090077,postgres
153,525,4,3,1,5,1,1,1,1,0,0,0,6,0,0,0,0,0,0,1,0,5,1,0,0,0,2.5270750047639012,33.22802600450814,postgres
154,259,2,1,1,2,1,0,0,1,0,0,0,2,0,0,0,0,0,0,1,0,2,0,0,0,0,0.3805430023930967,21.486946032382548,postgres
155,431,5,4,1,4,1,1,1,0,0,0,0,8,0,0,0,0,0,0,0,0,5,1,0,0,0,-1,-1,unknown
156,254,4,3,1,2,1,0,1,0,0,0,0,6,0,0,0,0,0,0,0,0,2,1,0,0,0,-1,-1,unknown
157,625,5,4,1,6,1,1,0,0,0,0,1,8,0,0,0,0,0,0,0,0,2,1,0,0,0,-1,-1,unknown
158,209,2,1,1,2,1,1,0,0,0,0,0,2,0,0,0,0,0,0,0,0,2,1,0,0,0,20538.701849989593,2036.3460080116056,duckdb
159,425,4,3,1,4,1,1,1,0,0,0,0,6,0,0,0,0,0,0,0,0,5,1,0,0,0,-1,-1,unknown
160,329,1,0,1,3,1,1,0,1,0,0,0,0,0,0,0,0,0,0,0,0,2,1,1,0,0,0.38260500878095627,12.31031701900065,postgres
161,573,5,4,1,5,1,0,0,0,0,0,0,8,0,0,0,0,0,0,0,0,3,0,0,0,0,-1,-1,unknown
162,207,1,0,1,2,1,1,0,0,0,0,0,0,0,0,0,0,0,0,1,0,1,1,1,0,0,0.3971050027757883,11.443933006376028,postgres
163,553,5,4,1,5,1,1,1,0,0,0,0,8,0,0,0,0,0,0,0,0,2,1,0,0,0,0.6341139669530094,2243.116034020204,postgres
164,224,1,0,1,2,1,0,0,0,0,0,0,0,0,0,0,0,0,0,1,0,3,0,1,0,0,-1,-1,unknown
165,549,1,0,1,5,1,1,1,0,0,0,0,0,0,0,0,0,0,0,1,0,2,1,1,0,0,0.5084159784018993,12.880416994448751,postgres
166,761,2,1,1,7,1,1,0,0,0,0,0,2,0,0,0,0,0,0,1,0,3,1,0,0,0,68.85963497916237,137.15084799332544,postgres
167,574,2,1,1,5,1,1,0,1,0,0,0,2,0,0,0,0,0,0,1,0,3,1,0,0,0,-1,-1,unknown
168,538,1,0,1,5,1,1,1,0,0,0,0,0,0,0,0,0,0,0,1,0,4,1,1,0,0,0.33473700750619173,3.6247179959900677,postgres
169,659,3,2,1,6,1,0,0,0,0,0,0,4,0,0,0,0,0,0,0,0,2,0,0,0,0,-1,-1,unknown
170,533,3,2,1,5,1,0,0,0,0,0,0,4,0,0,0,0,0,0,0,0,3,1,0,0,0,-1,-1,unknown
171,416,5,4,1,4,1,1,0,0,0,0,0,8,0,0,0,0,0,0,1,0,2,1,0,0,0,-1,-1,unknown
172,485,3,2,1,4,1,1,0,0,0,0,1,4,0,0,0,0,0,0,0,0,1,1,0,0,0,528.4487849567086,601.038004970178,postgres
173,339,3,2,1,3,1,1,1,0,0,0,0,4,0,0,0,0,0,0,0,0,1,1,0,0,0,12.88498198846355,25.902232038788497,postgres
174,316,1,0,1,3,0,0,0,0,0,0,0,0,0,0,0,0,0,0,1,0,0,0,1,0,0,0.9993119747377932,13.818298990372568,postgres
175,508,4,3,1,5,1,1,0,0,0,0,0,6,0,0,0,0,0,0,0,0,3,1,0,0,0,-1,-1,unknown
176,294,1,0,1,2,1,1,0,1,0,0,0,0,0,0,0,0,0,0,1,0,1,1,1,0,0,0.8659700397402048,12.567233992740512,postgres
177,302,2,1,1,3,1,1,1,1,0,0,0,2,0,0,0,0,0,0,0,0,4,1,0,0,0,0.9782530250959098,23.34949199575931,postgres
178,277,1,0,1,2,1,0,1,1,0,0,0,0,0,0,0,0,0,0,0,0,2,0,1,0,0,-1,-1,unknown
179,493,2,1,1,4,1,1,0,1,0,0,0,2,0,0,0,0,0,0,0,0,1,1,0,0,0,-1,-1,unknown
180,407,2,1,1,4,1,1,1,0,0,0,0,2,0,0,0,0,0,0,0,0,5,1,0,0,0,60015.80432499759,41318.60069400864,duckdb
181,436,5,4,1,4,0,1,1,0,0,0,0,8,0,0,0,0,0,0,0,0,0,1,0,0,0,-1,-1,unknown
182,392,4,3,1,3,1,1,0,0,0,0,0,6,0,0,0,0,0,0,0,0,2,1,0,0,0,1.333637977950275,32.019186997786164,postgres
183,122,1,0,1,1,1,1,0,1,0,0,0,0,0,0,0,0,0,0,0,0,2,1,0,0,0,16.110518015921116,18.26037495629862,postgres
184,227,3,2,1,2,1,0,1,0,0,0,0,4,0,0,0,0,0,0,0,0,4,1,0,0,0,27.57140400353819,21.50741301011294,duckdb
185,168,1,0,1,1,1,0,0,1,0,0,0,0,0,0,0,0,0,0,1,0,1,0,1,0,0,0.4156680079177022,11.971598025411367,postgres
186,220,3,2,1,2,1,1,1,0,0,0,0,4,0,0,0,0,0,0,0,0,1,1,0,0,0,17.350921989418566,37.348763027694076,postgres
187,350,3,2,1,3,1,1,0,1,0,0,0,4,0,0,0,0,0,0,0,0,4,1,0,0,0,5.904202000238001,26.578151038847864,postgres
188,342,2,1,1,3,1,1,1,0,0,0,0,2,0,0,0,0,0,0,0,0,1,1,0,0,0,-1,-1,unknown
189,310,4,3,1,3,1,0,0,0,0,0,0,6,0,0,0,0,0,0,1,0,1,0,0,0,0,2.825438976287842,36.31074802251533,postgres
190,609,1,0,1,6,1,1,0,1,0,0,0,0,0,0,0,0,0,0,1,0,3,1,1,0,0,-1,-1,unknown
191,810,5,4,1,8,1,1,1,0,0,0,1,8,0,0,0,0,0,0,0,0,6,1,0,0,0,-1,-1,unknown
192,447,3,2,1,4,1,0,1,0,0,0,0,4,0,0,0,0,0,0,1,0,3,0,0,0,0,-1,-1,unknown
193,412,5,4,1,4,1,1,1,0,0,0,0,8,0,0,0,0,0,0,1,0,3,1,0,0,0,-1,1673.5922780353576,unknown
194,326,5,4,1,3,1,0,0,0,0,0,0,8,0,0,0,0,0,0,1,0,1,0,0,0,0,0.4743330064229667,42.11864696117118,postgres
195,376,5,4,1,3,1,0,1,1,0,0,0,8,0,0,0,0,0,0,1,0,1,0,0,0,0,0.7255979580804706,3.973772982135415,postgres
196,479,5,4,1,4,1,1,1,1,0,0,0,8,0,0,0,0,0,0,1,0,1,1,0,0,0,-1,-1,unknown
197,467,5,4,1,4,1,0,1,1,0,0,0,8,0,0,0,0,0,0,1,0,2,0,0,0,0,-1,-1,unknown
198,628,1,0,1,6,1,0,1,0,0,0,0,0,0,0,0,0,0,0,0,0,4,0,1,0,0,-1,-1,unknown
199,422,3,2,1,4,1,1,1,0,0,0,0,4,0,0,0,0,0,0,1,0,3,1,0,0,0,-1,-1,unknown
200,255,1,0,1,2,1,1,1,0,0,0,0,0,0,0,0,0,0,0,1,0,1,1,1,0,0,0.35726302303373814,12.357634957879782,postgres
201,688,1,0,1,6,1,1,0,0,0,0,0,0,0,0,0,0,0,0,1,0,3,1,1,0,0,0.5538369878195226,17.290097021032125,postgres
202,408,4,3,1,4,1,1,1,1,0,0,0,6,0,0,0,0,0,0,0,0,4,1,0,0,0,43.104665994178504,119.64727501617745,postgres
203,110,1,0,1,1,1,0,0,1,0,0,0,0,0,0,0,0,0,0,1,0,1,0,1,0,0,1.0364300105720758,12.810555985197425,postgres
204,315,4,3,1,3,1,0,0,0,0,0,0,6,0,0,0,0,0,0,0,0,2,0,0,0,0,-1,-1,unknown
205,681,4,3,1,6,1,0,0,0,0,0,0,6,0,0,0,0,0,0,0,0,4,1,0,0,0,115.10944896144792,97.60768699925393,duckdb
206,337,1,0,1,3,1,0,1,0,0,0,0,0,0,0,0,0,0,0,0,0,2,1,1,0,0,-1,-1,unknown
207,336,5,4,1,3,1,0,0,1,0,0,0,8,0,0,0,0,0,0,0,0,3,1,0,0,0,-1,-1,unknown
208,348,3,2,1,3,1,0,1,0,0,0,0,4,0,0,0,0,0,0,1,0,4,1,0,0,0,3.341653966344893,23.933868040330708,postgres
209,361,5,4,1,3,1,1,0,0,0,0,0,8,0,0,0,0,0,0,0,0,2,1,0,0,0,2.141587028745562,4.147795028984547,postgres
210,564,4,3,1,5,1,1,1,1,0,0,0,6,0,0,0,0,0,0,0,0,3,1,0,0,0,67.09327001590282,173.4933810075745,postgres
211,621,5,4,1,6,1,0,0,0,0,0,0,8,0,0,0,0,0,0,1,0,4,0,0,0,0,3237.0006690034643,353.10129198478535,duckdb
212,887,4,3,1,8,0,1,1,1,0,0,1,6,0,0,0,0,0,0,0,0,0,1,0,0,0,0.6859400309622288,2.7551630046218634,postgres
213,581,2,1,1,5,1,1,0,0,0,0,0,2,0,0,0,0,0,0,1,0,3,1,0,0,0,0.9879360441118479,2.1794309723190963,postgres
214,289,5,4,1,2,1,1,0,0,0,0,0,8,0,0,0,0,0,0,0,0,2,1,0,0,0,0.8816560148261487,32.605129992589355,postgres
215,370,1,0,1,3,1,1,0,0,0,0,0,0,0,0,0,0,0,0,1,0,1,1,1,0,0,0.4983220132999122,1.7252679681405425,postgres
216,413,2,1,1,4,1,1,0,1,0,0,0,2,0,0,0,0,0,0,1,0,4,1,0,0,0,0.5545740132220089,22.631055035162717,postgres
217,198,3,2,1,1,1,0,0,1,0,0,0,4,0,0,0,0,0,0,0,0,2,0,0,0,0,-1,-1,unknown
218,504,3,2,1,5,1,1,1,1,0,0,0,4,0,0,0,0,0,0,0,0,3,1,0,0,0,-1,-1,unknown
219,464,3,2,1,4,0,0,0,0,0,0,0,4,0,0,0,0,0,0,1,0,0,0,0,0,0,-1,-1,unknown
220,562,2,1,1,5,1,1,1,0,0,0,0,2,0,0,0,0,0,0,0,0,2,1,0,0,0,-1,-1,unknown
221,511,2,1,1,5,1,1,1,0,0,0,0,2,0,0,0,0,0,0,0,0,3,1,0,0,0,1.0337689891457558,24.93310399586335,postgres
222,493,1,0,1,4,1,1,1,0,0,0,0,0,0,0,0,0,0,0,0,0,4,1,0,0,0,-1,-1,unknown
223,212,3,2,1,2,0,0,0,1,0,0,0,4,0,0,0,0,0,0,0,0,0,0,0,0,0,8.503090008161962,26.19280299404636,postgres
224,272,1,0,1,2,1,1,0,1,0,0,0,0,0,0,0,0,0,0,0,0,2,1,1,0,0,0.4110269946977496,16.4771230192855,postgres
225,273,2,1,1,2,1,1,1,0,0,0,0,2,0,0,0,0,0,0,0,0,3,1,0,0,0,89.06488999491557,58.820486010517925,duckdb
226,522,4,3,1,5,1,0,0,0,0,0,1,6,0,0,0,0,0,0,0,0,2,0,0,0,0,504.719786986243,564.5884030382149,postgres
227,319,4,3,1,3,1,0,0,1,0,0,0,6,0,0,0,0,0,0,1,0,2,0,0,0,0,-1,-1,unknown
228,687,2,1,1,6,1,0,1,0,0,0,0,2,0,0,0,0,0,0,1,0,2,0,0,0,0,184.27362700458616,209.5151639659889,postgres
229,300,5,4,1,3,1,1,1,1,0,0,0,8,0,0,0,0,0,0,0,0,2,1,0,0,0,1013.2005659979768,72.8511440102011,duckdb
230,256,2,1,1,2,1,0,1,0,0,0,0,2,0,0,0,0,0,0,1,0,1,0,0,0,0,0.49717503134161234,22.548525943420827,postgres
231,291,1,0,1,2,1,0,1,0,0,0,0,0,0,0,0,0,0,0,1,0,2,0,1,0,0,0.3591899876482785,3.113876038696617,postgres
232,217,3,2,1,2,0,1,0,0,0,0,0,4,0,0,0,0,0,0,0,0,0,1,0,0,0,-1,13970.512770989444,unknown
233,568,2,1,1,5,1,1,0,0,0,0,0,2,0,0,0,0,0,0,1,0,3,1,0,0,0,0.5056919762864709,3.290210966952145,postgres
234,568,3,2,1,5,1,0,1,1,0,0,0,4,0,0,0,0,0,0,1,0,4,0,0,0,0,-1,-1,unknown
235,212,3,2,1,2,1,1,0,0,0,0,0,4,0,0,0,0,0,0,0,0,2,1,0,0,0,20094.23790598521,3226.461057027336,duckdb
236,330,3,2,1,3,1,0,1,0,0,0,0,4,0,0,0,0,0,0,0,0,3,1,0,0,0,0.6526599754579365,63.96352301817387,postgres
237,334,5,4,1,3,1,0,1,0,0,0,0,8,0,0,0,0,0,0,0,0,3,0,0,0,0,-1,-1,unknown
238,593,3,2,1,5,1,1,1,0,0,0,0,4,0,0,0,0,0,0,0,0,3,1,0,0,0,6069.461913022678,6059.353625983931,duckdb
239,290,1,0,1,2,1,1,1,0,0,0,0,0,0,0,0,0,0,0,1,0,1,1,1,0,0,-1,-1,unknown
240,683,5,4,1,6,1,0,0,0,0,0,1,8,0,0,0,0,0,0,0,0,2,1,0,0,0,-1,-1,unknown
241,291,5,4,1,2,0,0,0,0,0,0,0,8,0,0,0,0,0,0,0,0,0,0,0,0,0,-1,-1,unknown
242,332,3,2,1,3,1,0,0,0,0,0,0,4,0,0,0,0,0,0,0,0,4,1,0,0,0,-1,-1,unknown
243,346,5,4,1,3,1,1,1,1,0,0,0,8,0,0,0,0,0,0,0,0,4,1,0,0,0,-1,-1,unknown
244,342,4,3,1,3,1,1,0,0,0,0,0,6,0,0,0,0,0,0,0,0,1,1,0,0,0,0.40705903666093946,26.046928018331528,postgres
245,343,2,1,1,3,1,1,0,0,0,0,0,2,0,0,0,0,0,0,0,0,1,1,0,0,0,0.48281700583174825,23.768055951222777,postgres
246,262,1,0,1,2,1,0,0,1,0,0,0,0,0,0,0,0,0,0,0,0,2,1,0,0,0,-1,-1,unknown
247,312,4,3,1,3,1,0,1,0,0,0,0,6,0,0,0,0,0,0,1,0,2,0,0,0,0,-1,-1,unknown
248,470,4,3,1,4,1,0,0,1,0,0,0,6,0,0,0,0,0,0,1,0,3,0,0,0,0,-1,-1,unknown
249,340,3,2,1,3,1,0,1,0,0,0,0,4,0,0,0,0,0,0,0,0,1,0,0,0,0,136.0805380390957,238.55614598141983,postgres
250,497,4,3,1,4,1,1,1,0,0,0,0,6,0,0,0,0,0,0,1,0,4,1,0,0,0,2.5310259661637247,38.737168011721224,postgres
251,414,4,3,1,4,1,0,0,1,0,0,0,6,0,0,0,0,0,0,1,0,4,1,0,0,0,1409.003580978606,2038.967219996266,postgres
252,534,5,4,1,5,1,1,1,0,0,0,0,8,0,0,0,0,0,0,0,0,3,1,0,0,0,-1,-1,unknown
253,500,5,4,1,5,1,1,1,0,0,0,0,8,0,0,0,0,0,0,1,0,1,1,0,0,0,-1,-1,unknown
254,545,3,2,1,5,1,1,0,1,0,0,0,4,0,0,0,0,0,0,0,0,2,1,0,0,0,0.8800560026429594,32.49385999515653,postgres
255,650,1,0,1,6,1,1,1,1,0,0,0,0,0,0,0,0,0,0,1,0,6,1,1,0,0,0.477341003715992,14.019170019309968,postgres
256,487,4,3,1,4,1,0,1,1,0,0,0,6,0,0,0,0,0,0,1,0,2,0,0,0,0,-1,-1,unknown
257,316,3,2,1,3,1,0,1,0,0,0,0,4,0,0,0,0,0,0,0,0,5,1,0,0,0,-1,-1,unknown
258,61,1,0,1,0,1,0,1,0,0,0,0,0,0,0,0,0,0,0,0,0,2,0,0,0,0,0.2860719687305391,11.40091405250132,postgres
259,160,1,0,1,1,1,1,1,0,0,0,0,0,0,0,0,0,0,0,0,0,3,1,1,0,0,0.354297982994467,12.834902037866414,postgres
260,270,2,1,1,2,1,1,0,0,0,0,0,2,0,0,0,0,0,0,0,0,4,1,0,0,0,-1,-1,unknown
261,659,4,3,1,6,1,1,1,0,0,0,0,6,0,0,0,0,0,0,0,0,3,1,0,0,0,-1,-1,unknown
262,468,3,2,1,4,1,1,1,1,0,0,0,4,0,0,0,0,0,0,1,0,3,1,0,0,0,1.0909069678746164,22.919508977793157,postgres
263,418,4,3,1,4,1,1,0,1,0,0,0,6,0,0,0,0,0,0,1,0,4,1,0,0,0,3.1958959880284965,30.667699000332505,postgres
264,350,5,4,1,3,1,1,1,1,0,0,0,8,0,0,0,0,0,0,0,0,1,1,0,0,0,6942.295924003702,1364.1148299793713,duckdb
265,423,4,3,1,4,1,0,1,1,0,0,0,6,0,0,0,0,0,0,0,0,2,1,0,0,0,392.33431802131236,205.16146696172655,duckdb
266,201,1,0,1,2,1,0,0,0,0,0,0,0,0,0,0,0,0,0,1,0,1,0,1,0,0,0.4952040035277605,3.103183989878744,postgres
267,209,2,1,1,2,1,0,1,0,0,0,0,2,0,0,0,0,0,0,0,0,4,0,0,0,0,-1,-1,unknown
268,333,5,4,1,3,1,0,1,1,0,0,0,8,0,0,0,0,0,0,0,0,1,0,0,0,0,5737.096294993535,844.9096790282056,duckdb
269,184,1,0,1,1,1,1,1,0,0,0,0,0,0,0,0,0,0,0,1,0,2,1,1,0,0,2.571863995399326,14.402066997718066,postgres
270,297,2,1,1,2,1,0,1,0,0,0,0,2,0,0,0,0,0,0,0,0,4,0,0,0,0,1.0746509651653469,23.75718700932339,postgres
271,831,4,3,1,8,1,1,0,1,0,0,0,6,0,0,0,0,0,0,1,0,2,1,0,0,0,150.5303870071657,142.3245249898173,duckdb
272,245,4,3,1,2,1,0,0,1,0,0,0,6,0,0,0,0,0,0,0,0,2,0,0,0,0,329.2384449741803,61.030242999549955,duckdb
273,1060,2,1,1,10,1,1,0,0,0,0,1,2,0,0,0,0,0,0,1,0,4,1,0,0,0,-1,-1,unknown
274,219,2,1,1,2,1,0,0,0,0,0,0,2,0,0,0,0,0,0,0,0,2,0,0,0,0,-1,-1,unknown
275,332,1,0,1,3,1,0,1,1,0,0,0,0,0,0,0,0,0,0,0,0,3,0,1,0,0,105.40619603125378,105.54824100108817,postgres
276,576,3,2,1,5,1,0,1,0,0,0,0,4,0,0,0,0,0,0,1,0,3,1,0,0,0,-1,-1,unknown
277,170,1,0,1,1,1,0,1,0,0,0,0,0,0,0,0,0,0,0,1,0,2,1,1,0,0,1.2754059862345457,13.351961970329285,postgres
278,194,3,2,1,1,1,0,0,1,0,0,0,4,0,0,0,0,0,0,0,0,3,0,0,0,0,54.679488006513566,28.24299200437963,duckdb
279,237,4,3,1,2,1,0,1,0,0,0,0,6,0,0,0,0,0,0,0,0,3,0,0,0,0,-1,-1,unknown
280,386,3,2,1,3,1,1,0,0,0,0,0,4,0,0,0,0,0,0,1,0,4,1,0,0,0,56305.042829946615,7236.879029020201,duckdb
281,148,1,0,1,1,1,1,1,0,0,0,0,0,0,0,0,0,0,0,0,0,4,1,0,0,0,0.4667509929277003,14.063919021282345,postgres
282,192,1,0,1,1,1,0,1,0,0,0,0,0,0,0,0,0,0,0,1,0,5,1,1,0,0,0.37029001396149397,12.52941502025351,postgres
283,286,1,0,1,2,1,0,1,1,0,0,0,0,0,0,0,0,0,0,1,0,2,0,1,0,0,0.28916902374476194,3.041467978619039,postgres
284,224,1,0,1,2,1,0,1,1,0,0,0,0,0,0,0,0,0,0,0,0,3,0,1,0,0,-1,-1,unknown
285,539,5,4,1,5,1,0,1,0,0,0,0,8,0,0,0,0,0,0,1,0,4,0,0,0,0,0.668163993395865,39.791204035282135,postgres
286,612,4,3,1,6,1,1,0,1,0,0,1,6,0,0,0,0,0,0,0,0,4,1,0,0,0,762.3279060353525,841.5053799981251,postgres
287,714,5,4,1,7,1,1,1,0,0,0,0,8,0,0,0,0,0,0,1,0,4,1,0,0,0,-1,-1,unknown
288,586,3,2,1,5,1,0,0,1,0,0,0,4,0,0,0,0,0,0,0,0,3,1,0,0,0,11.008997971657664,86.44582395209,postgres
289,382,3,2,1,3,1,0,1,1,0,0,0,4,0,0,0,0,0,0,1,0,1,0,0,0,0,-1,-1,unknown
290,388,5,4,1,3,1,1,1,0,0,0,0,8,0,0,0,0,0,0,1,0,2,1,0,0,0,-1,-1,unknown
291,318,4,3,1,3,1,1,1,0,0,0,0,6,0,0,0,0,0,0,1,0,1,1,0,0,0,-1,-1,unknown
292,125,2,1,1,1,1,0,0,0,0,0,0,2,0,0,0,0,0,0,0,0,2,1,0,0,0,0.35514699993655086,20.39582299767062,postgres
293,498,4,3,1,4,1,0,1,0,0,0,0,6,0,0,0,0,0,0,0,0,2,0,0,0,0,0.4444870282895863,24.361318966839463,postgres
294,293,2,1,1,2,1,0,0,0,0,0,0,2,0,0,0,0,0,0,1,0,1,0,0,0,0,-1,-1,unknown
295,436,3,2,1,4,1,0,0,0,0,0,0,4,0,0,0,0,0,0,0,0,2,1,0,0,0,-1,-1,unknown
296,213,1,0,1,2,1,0,0,0,0,0,0,0,0,0,0,0,0,0,0,0,2,1,1,0,0,0.35761704202741385,11.437480978202075,postgres
297,318,5,4,1,3,1,0,0,0,0,0,0,8,0,0,0,0,0,0,0,0,1,0,0,0,0,-1,-1,unknown
298,286,2,1,1,2,1,1,0,0,0,0,0,2,0,0,0,0,0,0,1,0,2,1,0,0,0,-1,-1,unknown
299,819,3,2,1,8,1,1,1,0,0,0,1,4,0,0,0,0,0,0,1,0,5,1,0,0,0,0.8351770229637623,2.8756569954566658,postgres
300,844,5,4,1,8,1,0,1,0,0,0,1,8,0,0,0,0,0,0,0,0,3,1,0,0,0,-1,-1,unknown
301,340,4,3,1,3,1,0,0,0,0,0,0,6,0,0,0,0,0,0,0,0,4,1,0,0,0,2.828267985023558,34.163371950853616,postgres
302,855,5,4,1,8,1,1,0,0,0,0,1,8,0,0,0,0,0,0,0,0,2,1,0,0,0,1175.576745008584,231.45993996877223,duckdb
303,373,1,0,1,3,1,1,0,1,0,0,0,0,0,0,0,0,0,0,0,0,2,1,1,0,0,0.3901419695466757,14.532608969602734,postgres
304,281,2,1,1,2,1,0,0,0,0,0,0,2,0,0,0,0,0,0,1,0,3,1,0,0,0,-1,-1,unknown
305,681,2,1,1,6,1,0,0,0,0,0,0,2,0,0,0,0,0,0,1,0,2,1,0,0,0,0.5428500007838011,2.811660000588745,postgres
306,529,4,3,1,5,1,1,0,0,0,0,0,6,0,0,0,0,0,0,0,0,2,1,0,0,0,0.5743550136685371,30.350806016940624,postgres
307,956,5,4,1,9,1,1,1,0,0,0,1,8,0,0,0,0,0,0,0,0,2,1,0,0,0,-1,-1,unknown
308,312,2,1,1,3,1,1,1,0,0,0,0,2,0,0,0,0,0,0,0,0,1,1,0,0,0,0.5153620149940252,24.87076201941818,postgres
309,121,1,0,1,1,1,1,0,0,0,0,0,0,0,0,0,0,0,0,0,0,1,1,1,0,0,0.40398299461230636,11.864750005770475,postgres
310,713,5,4,1,7,1,1,0,0,0,0,0,8,0,0,0,0,0,0,1,0,3,1,0,0,0,1.44182302756235,3.073978004977107,postgres
311,723,3,2,1,7,1,1,1,0,0,0,0,4,0,0,0,0,0,0,1,0,4,1,0,0,0,-1,-1,unknown
312,271,2,1,1,2,1,0,1,1,0,0,0,2,0,0,0,0,0,0,1,0,1,0,0,0,0,-1,-1,unknown
313,549,5,4,1,5,1,1,0,0,0,0,0,8,0,0,0,0,0,0,1,0,2,1,0,0,0,-1,-1,unknown
314,176,2,1,1,1,1,1,0,0,0,0,0,2,0,0,0,0,0,0,0,0,1,1,0,0,0,-1,-1,unknown
315,298,4,3,1,2,1,1,1,0,0,0,0,6,0,0,0,0,0,0,0,0,4,1,0,0,0,1766.4851939771324,123.07870201766491,duckdb
316,316,1,0,1,3,1,0,0,1,0,0,0,0,0,0,0,0,0,0,1,0,1,1,1,0,0,0.7452239515259862,12.732211034744978,postgres
317,623,4,3,1,6,1,0,1,1,0,0,0,6,0,0,0,0,0,0,0,0,4,0,0,0,0,-1,-1,unknown
318,172,1,0,1,1,1,0,1,0,0,0,0,0,0,0,0,0,0,0,1,0,2,0,1,0,0,0.5200700252316892,12.859186972491443,postgres
319,404,2,1,1,4,1,0,1,0,0,0,0,2,0,0,0,0,0,0,0,0,6,1,0,0,0,1.9373249961063266,25.856325984932482,postgres
320,386,4,3,1,3,1,1,0,0,0,0,0,6,0,0,0,0,0,0,0,0,2,1,0,0,0,-1,-1,unknown
321,450,3,2,1,4,1,1,0,1,0,0,0,4,0,0,0,0,0,0,0,0,4,1,0,0,0,-1,-1,unknown
322,368,4,3,1,3,1,0,0,0,0,0,0,6,0,0,0,0,0,0,1,0,2,0,0,0,0,74.46271600201726,43.24132401961833,duckdb
323,229,1,0,1,2,1,1,1,0,0,0,0,0,0,0,0,0,0,0,1,0,2,1,1,0,0,0.35342498449608684,13.295395008753985,postgres
324,429,5,4,1,4,1,0,0,0,0,0,0,8,0,0,0,0,0,0,1,0,3,0,0,0,0,-1,-1,unknown
325,290,5,4,1,2,1,1,1,0,0,0,0,8,0,0,0,0,0,0,0,0,1,1,0,0,0,-1,-1,unknown
326,141,1,0,1,1,1,1,0,0,0,0,0,0,0,0,0,0,0,0,0,0,2,1,0,0,0,0.3720279783010483,428.2533790101297,postgres
327,268,1,0,1,2,1,0,1,0,0,0,0,0,0,0,0,0,0,0,0,0,3,1,1,0,0,-1,-1,unknown
328,510,5,4,1,5,1,0,1,1,0,0,0,8,0,0,0,0,0,0,1,0,2,1,0,0,0,-1,-1,unknown
329,470,4,3,1,4,1,0,0,0,0,0,0,6,0,0,0,0,0,0,1,0,2,0,0,0,0,-1,-1,unknown
330,394,5,4,1,3,1,1,0,0,0,0,0,8,0,0,0,0,0,0,0,0,2,1,0,0,0,-1,-1,unknown
331,548,3,2,1,5,1,0,0,0,0,0,0,4,0,0,0,0,0,0,1,0,2,0,0,0,0,-1,-1,unknown
332,376,2,1,1,3,1,0,0,1,0,0,0,2,0,0,0,0,0,0,0,0,3,1,0,0,0,67.61351902969182,69.46649501333013,postgres
333,1040,5,4,1,10,1,1,0,0,0,0,1,8,0,0,0,0,0,0,1,0,3,1,0,0,0,-1,-1,unknown
334,457,2,1,1,4,1,1,0,1,0,0,0,2,0,0,0,0,0,0,1,0,3,1,0,0,0,0.3946729702875018,13.061659992672503,postgres
335,403,2,1,1,4,1,1,1,0,0,0,0,2,0,0,0,0,0,0,1,0,3,1,0,0,0,0.6750890170224011,27.610236022155732,postgres
336,310,1,0,1,3,1,0,1,0,0,0,0,0,0,0,0,0,0,0,1,0,2,1,1,0,0,0.3931639948859811,14.086086011957377,postgres
337,327,2,1,1,3,1,1,0,0,0,0,0,2,0,0,0,0,0,0,0,0,3,1,0,0,0,-1,-1,unknown
338,418,1,0,1,4,1,0,1,0,0,0,0,0,0,0,0,0,0,0,1,0,3,1,1,0,0,0.44100999366492033,3.5326789948157966,postgres
339,197,2,1,1,1,1,1,1,0,0,0,0,2,0,0,0,0,0,0,0,0,1,1,0,0,0,2.2593900212086737,28.335561975836754,postgres
340,876,4,3,1,8,1,1,1,0,0,0,1,6,0,0,0,0,0,0,0,0,3,1,0,0,0,13.941671000793576,14.637347951065749,postgres
341,527,5,4,1,5,1,1,0,0,0,0,0,8,0,0,0,0,0,0,1,0,4,1,0,0,0,0.7690709899179637,39.99586997088045,postgres
342,585,1,0,1,5,1,1,1,0,0,0,0,0,0,0,0,0,0,0,1,0,5,1,1,0,0,0.5106260068714619,15.578003018163145,postgres
343,367,2,1,1,3,1,1,0,0,0,0,0,2,0,0,0,0,0,0,1,0,5,1,0,0,0,124.88360702991486,34.72359396982938,duckdb
344,384,4,3,1,3,1,0,1,0,0,0,0,6,0,0,0,0,0,0,0,0,3,0,0,0,0,115.77072599902749,42.376151017379016,duckdb
345,513,3,2,1,5,1,1,1,1,0,0,0,4,0,0,0,0,0,0,1,0,3,1,0,0,0,-1,32735.092998016626,unknown
-1276242412570189350,413,4,3,1,4,1,1,0,1,0,0,0,6,0,0,0,0,0,0,0,0,3,1,0,0,0,427.62470501475036,78.83771596243605,duckdb
2,427,1,0,1,4,1,1,0,0,0,0,0,0,0,0,0,0,0,0,1,0,1,1,1,0,0,0.9217770420946181,15.024213993456215,postgres
3,444,2,1,1,4,1,0,0,0,0,0,0,2,0,0,0,0,0,0,0,0,2,0,0,0,0,101.52774798916653,224.58609100431204,postgres
